1,TTTTTBTTTTBTTBBTTTBBTBTBBBBTBBTBBBBBBBBBTBBTTTBBBBBTBTTTTTTTTBTBTBBBTBTBBBTBBBBBBTBBBBBBBBBBTBBBBTBBBBBBBTBTBBBBBBBBTBTBBBBTBTTTT,0
2,TTTTTTTTBBTTBTTBTTBTBBBBBBTBBBBBBTTBBBTBTBBBBBBTTTTTTTTBTBBBTBBBBBBBBBBBTBTBBTTBBBBBT,0
3,TTTBTTTTTBBBTBTTBBTBBBTBBBBBBBBBTBTBBTBBBBBTTBBBBBTBBTTTTTTTBTTTTBTTTBBBBTBBBBTBBBBTBTBBBTTBTTTTTB,0
4,TTTTTTTBTTTTBBTBTBBBTTTBBBTBBBBBBBBBBBBTBBBBTTBBBBBBBBBBTBBBBTBBBTTTBBBBBBTBBTTBTBBTTTBBTTBBBBTBBBBBBBBBBBBBBTBBBBBBBTBBTBBTTBBBBTBBBBBBBTBBBBBBBBTBBBBTT,0
5,TTTBTBTBTBBTTBBTTBTTBBBBTBBTBTBBTTBBBBTTTBBBTBBBBTTTTTBTBTBTTBTBBTBBBBBTBBBTBTTBBBBBBTBBBTTBBTBTBTTBB,0
6,TTTTTTBTBTTBBTTBBBTBTBBBBBBBTBBBBBTBBTTBTTBTBBTBBBTTTTTTTTTBBTBBBBTTBTBTBBBBBBBBTBTBTTBBTT,0
7,BTTBBTBBBTTTBTBTBBBBTTTBBBTBBBTTBBTBTBBBBBBBBBBTTBBTBBTBBBBBTBBTBTBBBBBBBTBTBBBTBTBBTBTTTTTBTBTTBBBBTBBTBBBTBTBBBBBBBBBBBBBBBTBTBBTBTTTBTTTBTT,0
8,TBBBBBBTBBTTBBBTBBTTTBBBTTBBTBBTTBBBTBBBBBBBTBBTBTTTBTBBBTTBBTBTBTTBTTTTBBTBTBBTBTTTBBBBTBBTBT,0
9,TTTTTTTTTTBTTTTTBTBTBBBTBBTBTBBBBTBBBTBBTBTTBBBBBTTTBTTBTBTTBBTTTTBBTTTTBBBBBTBTBBBTTBTTTTTBTTBBBBTBTBTBTBBBBBTT,0
10,TTTBTTBTTTBTBBTTTTBBBTTTBBBBBBBTBTBBBBBBTTBBTBBTTBTTBTBTTBBTTTTBBBTTBBBBBBTBBBBBBBBTBBBBBTBTTTTTBBBTBBBTBTBTT,0
11,TTTBTTBTTTBTTBTTTTBTBBTBBBBTBTBBTTBTBTBTTBBTTTBBTTBBTBBBTBTTBTBTTTTTTTTBTTBTTBBBBTTTTBT,0
12,TTBTTBTTTTTTBBTBTTBBTBBBBBBBBBBBBTBBBTBBTTTTTBTTBTTBTBTTBTTBTBBBBBTTBBBBBBBBBBBBTTTTTBTBTBBBTBBBTBT,0
13,TTTTTTBTTBTBBBBBTBBBTTBBTTBBBBBBBBBBBBBTBBBBTBTBTTBBTTTBBTBBTTBBTTBTTBBBTBBBBBTBBTBTBTBTTTBTBTTBBBBTBBBBBTTTBTTBTTBB,0
14,TTTTTTTTTBTTTBBTBBTTBTBBBTBBBTBBBTBBBTBTTBBBBBTBTTBTTBBTBTBTTTBTBBTTBBBTTBTBTBBTTTTTBBTTTTBTTBBTTBBBTTTBTTT,0
15,TTTBTBTTTBBTTTTTTBBTBBBBTBBBTTTTTBBBBBBBTBBTBBBTBTBBTBTBTBBTTTTTTTBBBBBTBBBBBBBTTTBTTB,0
16,TTTTTTBTTTTBTBBTBBTTBBBTBTTTBTTBBBBBBTBBTBTTBBTBTTBBTTBBTTBBBTBTTBBTBBBBBTTTTTTTBBBBBBTBBTTTT,0
17,TTTTTTTTBBTTTTTTTTTTTTTTTTTBTTTTTTTTTTTTTBBTBTTTBBBBBBTTTBBBTBTTBBBBBTBBTTTBBTBBBTTBBTTTTTBTTTTTTTTTTBBBBBTBBTTBTTTBBB,0
18,TTTTTTTTTTBBTTTTTTTTTTTBBTTTTTTTTTTBTTTTTBBBBBBTTTBTBTTBBTBTBTTBBTBBTTBBBBBTTBTBBTTBTTBTTTBBTBBTT,0
19,TTTTTTTTBTBTTTTTTTTTTTTTTBBBTTTTTTBTTTTTTBTBTTBBTBBBBBBBBBTBTTBTBTTBBTBTTBBBTTBBBTBTBTTTTBTTTTTTTTB,0
20,TTTTTBTTTTTTTTTTTTTTTTTTTTTTTBTBTTTTBTBBTBTBBBTTBTBBTBBBTTTBTTBTBBBTBTBBTBTBTBBBTTBTBBTBBTBBBBBTTBTTBTTTTTBBBBBTBBBBBBBBB,0
21,TTTTTTTTTTTTBTBTTTTTTTTTTTTTBBTTTTTBTTTTBBBBTTBBTBTBTBBTBTBBBTBBBBBTTTBTBBTTBBBBTBTBBBBBBTBBBBTBBTTBTTTTTTBTTBTBTBBTT,0
22,TTTTTTTTTTTBBTTTTTTTTTTBBTTTTTBTTTTTTBTTTBTTBBBTBTBBTBTBBTBBBTTTBBBBBTTBBTBTBBBTBTBTTTTTBBTTTTTTTBBBTTBBBBBBBTT,0
23,TTTTTTTTTTTTBTTBTTTTTTTTTBTBTTTTTTTTTTTBBTTTBBTTBTBBBTBTTBBTBBBTTBBBBBBBBBBBTTBBTBTBBTBTBBTBTTTTBTTTTBBBBBBBBTBBTBBBT,0
24,TTTTTTTTTTTTTTTTTTBBTTTTTTTTTTTTBTBBTTTTTTTTTTBBBBBTBBBBBBTTBTBBBTBBBBTTBBTBBBBBTBTBBBBTTBBBTBBBBTTBBTBTTTBTBBBTBTTTTBBBBBTBBBBBTTTBTBBBBBBBBBBBBBBBBTBTBBTTB,0
25,TTTTTTTTTTTTTTTTBTBTTTTTTTTTTBBTBTTTBBBBTBBBTBBTBTBBBBBBTBBBTTBTBTTTTTTTBTTT,0
26,TTTTTTTTTTTTTTTTTTTTTTTTTTTTTTTTTTTBTBTTBTBBTTTTBTBTTTTBTTTBTBTBTTBTBTBBBBTBBBBTBBTBTTTBBBTBBTBBTBBBBBBTBBBBBBBBBBBTTBBTBBBBTTTTT,0
27,TTTTTTTTTTTTTTTTTTTTTTTTTTTTTBTBBBTTTTTTTTTBBTBBTTTTTTBBBBTTTBTTBBBBBTBBBTTBBBTBBTTTBBBTTTT,0
28,TTTTTTTTTTTTTTTTTTTTTTTTTTTTTTBTTTTTTBBTBBBTBTTTTTTTBTTBBTTBBTTTTTTBTBBBBTBBBBTTTBBTBTTBBBBBTBBBTBBBBBBTBTTTBBTTTT,0
29,TTTTTTTTTTTTTTTBTBTTTTBBBBTBTTBTTBTTTTTBTBTBTBTTTTTBBBTTBTBTBTBBTBBTBTTBBTBBBBBTBBTBBBBTBBBTTTBTBTTTTTTTTBTTBTBTTT,0
30,TTTTTTTTTTTTTTTTTTTTTTTTTTTBTTTTBBTBBBBTBTTTTTTTTBBTTBTTTTBTTBBBTBBBBBTBTBTBTBBTBTBBBTBTBBBBTBBBBBBBBBTBBBBBTTTTTBTBBTTTTTTTBTBTBTTTT,0
31,TTTTTTTTTTTTTTTTTTTTTTTTTTTTTTTTTBBTBTBTTTTTTTBBBTTTTBTBBBBBBTBTBTTBBBBBBBBBTTBBBTBBTBBBTTBTTBBBTTTTTTTTTTTBBTBB,0
32,TTTTTTTTTTTTTTTTTTTTTTTTTBTBTTBTTTTTTTTBBTBBTTTTBTBBBTTBTTBTBBBBBBBTTBBTBBBTBBBTBBBBBBTBBTTBBTTTTTTTTTTTBTBTTBTT,0
33,TTTTTTTTTBTTBBBBBTBBBTTTBBBBBTBTBTBBTBBTTTTTTTBBTTBBBBBBBTBBBBBTTBBBBBBBTTBBBBBTBBTTBTTTTBBBTTTTBTBTBBBTTTTTTBBTTTBBTTTBBBTT,0
34,TTTBTBTBBBBTTTBBBBBBBTTTBBBBBBBBTBTTTTTTBTBBBBTBBTBTBTBBBBBBTBBTBTBTBBTTBBTTBBTTB,0
35,TTBTTTTTTTBTBBBTBBTTBBBBBTTBTBBBTTTTTTBBBBBTBBBBTBBBBTBBBTBBBTBTTBTBBTBTBBTTBTTTTTTBTTBTTTT,0
36,TTTBTBTTTTBBTBBTTTBBBTBBTTTTTTTTBBTTBBTBBBBBBBBTBBTBBBTTTTBBBTTTTBTTTBTTTTT,0
37,TTTTBTTTTBBBTBBBTTBBBBBBBBBBBBTBBBBBTBBBBBBBBBBBBTTTBTTBTBTBBBTBBBBBBBTBBBBBBBBTTBTBBBTBBBTBBBBBBTBBBBBBBBBBTBBBBBBBBTBTBBBTBBBBBBBBBBBBBBBBBBBBBBBBTBBBBBBTBBBBBBTTTBBBTBTBBBBBBBBBTBBBB,0
38,TTTTTTTTBTTBTBBBTBTBBBBTTBBBBBBBBBBBBBBTBBBBBBTBBBBBBBBBBBBBBBBBBTBBTTTTBTTBBBBBBBBBBBBBBBBTBBBBBBTBTBTBBBBBBTBBTTBBBBBBBTBBTBTBBBBTTBTBBTBBBBBBBTBTTTTBTB,0
39,TTTTTTBBTBTTBBTTTBBBBBTBTBBBBBTTTTTTTBTTTBTBBBBTBBBBBBTTBBBTBTTTBBBTTBTBBTBBTBBTBBTTTBTTBTTTBTT,0
40,TTTTBTBBBBBBBBBTBTTBTTBBTBTTBBBTBBBBBTTBTTTTBBBBBBBTBBBBTTBBBBTBBBBTBBBTBBBBBTTBBBTBBBBBBBTBTBBTTBBTTBBBBBBBBBBBBBBBBTBBTBBTBBTBBBBBBBBTBBBBBBBTBBBBBBBBBBBBBBBBBTBBBTBBTBBBBBTTBBBBT,0
41,TTTTBTBTBBBTBBBBBBTTTBBBBBBBBTBTBTBTBTBTBBBTBBBBTTBBTBBBBTBBBBTBBBTBBBBBBTBTTBTBBTTBBTTBTBBBBTTBBBBBBBBBBTTTBBBBTBBTBTTBBBBBBTBTBTBTBTTTTTBBTBBT,0
42,TTTTBBBBBBBTTBBBBBTTBBBTTTTTBBBBBBBTBBBBBBBBTTBBBBTBTBBBBBBTBBBTBBBTBTBBBBBTBBBBBBBTBTTTBBTBBBBBTBBBBBBBBBBBBBBBBBBBBBBBBBTTBBTTBBBTBBTTTBBBTBBBBBBBBTBBBBTBBTBBBTTBBTTB,0
43,TTTTTTBTBBBTBBTTBTBBBBBBBBTBBTBBBBBBBTBTBTBBTBBBBBBBTBBTBBBBBBBBBBBBTTBBBBBBBBBTBBBBBBBBBBBBBBBBBBBBTTBBBBTBBTBTBBTTTBBTBBTBBBBBBBTTBTBBBBBBBBBTBBTBTBTTBB,0
44,TTTBTTBBBBTBBBBBTBBBBBTBBBBBBBBTTTBBBTBTBTBBBBBBBBBTBBBBBBBBBBBBBTBBBTBBBBTBBBBBBTBBBBBTBBBBBTBBBBBTBBTTBBBBTBBBBTBBTBBBBBTTBTBBBBTBTTTTB,0
45,TTTTBTBTBTBTBBBTTTBBBBBTTTBBBBTBBBBBBTBTBBTBTTBBBBBBTBBBTBTBTBBTBBBBBBBBBBBBBBTBBBBTBBBBTBBBBBBBBBTBBBBBBBBBBBBBBTBBBBBBBBBTBTBTBTBBBBBBBBBBBBTBBBBBBBBTBBBTTTTBBTBBBBTBTB,0
46,TTTTTBBTBBBTBTBBTBBTTBTBTTBBBBBTTBBTBTBBBBTBBBBTBBBBBTBBBBTBTBTBBBBTBBBBBBBBBBTBBBTBTTBTBBBBBBBBBBBBBTTTBBBTTTBBBBBTBBBBBBTTBBBBBBBBBBTBTBBBBTBTTTBBBBBTBBBBTBBTBBBB,0
47,TTTTBTTBBBBTBBBBBBBBBBBBBBBTBBBTTBBBBBBBBBBTBTTBBTBBBBBTBBBBBBTBBBBBBBBTBBBBBBBBBBBBBBBBBBBBBBTBBBBBBBBBBBBBBBBBBBTBTBBBBTTTBBBTTBTBBBBTT,0
48,TTTBTTBBTTBBTTBBBBBBBBBTBTTTTTBBBBBBTBBBBBTBBBBBTBBTTBTTTBBBBBBTBBBBBBTBBBBBBBBBBBTBBBBBBBBBTBBBBTBBBBBTTTBBBBBBBBBTBBBBBBBBTBTBBTBBBBBBTBBBBBBBBBBBBBBBBTBBBTBTBBBTTBTBBBBBBBBBBBTTBBBBBBBBBBBTTTTTBBBBBTTTBBTBBBT,0
49,TTTTTTTTTTTTTTTTTTTTTTBTTTTTTTBTTTTTBBBBBBBBTBBBTBBBTBBBTBBBBTBTBBBBTBBTBBBTTBBTTTBTBTBTTTBTTTBBTTBTTTBTTBTBBBBBTTTTBTT,0
50,TTTTTTTTTTBTBBTBBBBBBBBBBTBBTBBBBBTBBBBBTBBTBBBBBBTTBBBBBBBBBBBTBBBBBBTTBBBBBBBBBBBTBTBBBBBBTBTBTTTTBBBBBBBBTTBTTBTTBBBBBTTTTBBBBTBBBBBT,0
51,TTTTTTTTTTTTTTBBTBTBBBBBBBTBBBBBBBBBBBBBBBBBBBBBBBBTBBBBBBBBBBBBBTBBTBBBBBBBTBBBBTBTBTTBBTBTBTTTBBTBTTTTTBTBTTT,0
52,TTTBTTTTBTTTTTBBBBBBTBTTTTBBTBBBBTTBBBBBTBBTBBBBBBBTTBBTTBTBBTBBTTTBBTBTBTBBTTTBTTTBBBTBBBBBBBBBBBBTBTBTBBBBBBBTTBTBBBTBBBBBBBTBBBBBBBBBBBBBBBTTTBBBBBTBBBTBT,0
53,TTTBTTTTBTBBTTBBTBTBBBBTBBBBBTTTTBBBTBBBTBBBBBBTBBBBTBBBBBBTBBTTBBBBBBBBBBBTTBBBBBBBBBBBTTTBBBBBTBTTTBTTBBBTBBBBBBTBTBBTBBBBBBTTTBTBBBTBBTBBBTBBB,0
54,TTTTTTTTTTTTBTBTTTBBBBBTBBBTBTTTBBBBBBBBBBBBBBBBTTTBBBBBBBBBBBTTBBTBBTBTTBBTTBBBTTBTTTBBBBBTBBBBBBBBBTTBBBTBBBBBBBTBBBBBTBBBTTBBBBBBTBBBTBBT,0
55,TTTTTTTBTTTBTBTTTTBBBTTBBTBBBTBTBBTTBTBBBBBTTTBBTBBBTTBTBBBBTBBTTTBTBTBBTTTTTTBTTTTBBTTT,0
56,TTTTTTTTTTTTTTTBBTTTBBBBBBBBBBTTBBBTTBBBBBTBTBBBBTBBTBBBBBBBBBBTBBBBBBBBBTBTBBTBBTBBTTTBBBBBBBBTBBTBTTBBBBTTBBTBBBBBBBBBBBTBBBBBTBBBBTTBTTBBTTTTB,0
57,TTTTTTTBTTTTTTTTTBBTTTBBTBBTBBBBBBTTBTBTTTBBTTTBTTBTTBBBTBTTTBTTTBTTBTBTTBTTTTBTBTBTBTBTTTTBTTTT,0
58,TTTTTTTTTTTTTTTTTTTTBTBBBBTTTBBTBBBBBBTTBBBTTBBBBBBBTBTTBBTTTTTBBBBBBBBBBBBBBTBBTTTBBBBTBBTBTTBTTTBBBTTTBTT,0
59,TTTTTBTTTTTTTTTTTTBTBTBTTBBBTBBBBBBBTBBTBTBBBBBBTTTBTBTTBBBBTTBBBBTBBBTBTBBTBTTTBTTTTTBBTTTTTBTTTTBT,0
60,TTTTTTTTTTTTTTTTTBTBTTBBBTTTBBBBBBBBBBTTTBBBBBBBBBTTTBTTBTTBBBTTBTTBTTBTTBTBTBTBTBTBTBBBTT,0
61,TBTTTTTTTTBTBTTBBBTTTTTTBTBBBTBBBBBBTTBBTBTBBBBBBBTBBTBTTBBBBTTTBBTTBBBBTBBTTTTBTBBBTBTTTTTBTTBBBTTTBBTTBTTTTBBT,0
62,TTTBBBBTBBBTTTBTTTBTTTTTBTTTTTTTBBBTBBTBBBBBBBTTBBBBBBBBBBBBBBBBTTBBBBBBBBBBBBBTBBBBBBTBTBTBBBTBBTTTBBBTBTTTT,0
63,BTTTTTTBTTBTTTBTTTTTBBBBBBTBBBBTBBTBBBBTBBTBBBBBBBBBBBBBTBBTBBBTBBBBBBBBBTTBTBTTTBBBBBBTTTTBTBTBTTTBBTTTTTTTBTBTBBBBTTTTBTBBT,0
64,BTTTTTBTTTTTTBTTBTTTTTTTBBBBTBBTTBTBBBBBTTBBBTTBBBBBBBBBBBBBBBBBTBTBBTTTTBBTBBBBTTTBBTTBTTTBTTBTTBBBBBTTTBBTTBTTBTTBTBBBBBBBTTTTTBBBBBBB,0
65,TTTTTTTTTTTBBTTTTTBTBTBTBBBBBTTTBTBBTBBBTBBTBBTBBTBBBBBBBTTTBTTTBBTTTTBTTTTTTTTBT,0
66,TTTTTTTTTTTTTTTTBBTBBBTTBBBBTBBTBBTBBTBTBBBBBBTBTTBBBTBBBTBBBBBTBBBBTBBBBBBBTBBBBBBBBBBBBTBBTBBBBTBBTBTTBTTTTTBTBBTBTTTTTTTTTTBTTTTBBBTT,0
67,TTTTTTTTTTTTTTTTTTTTTTTTTTBBBBTTTTTTBBBBTBBBBBBBTBTBBTBBBBBBBBBTBBBBTTBTBTBBBBTBBBTBTTTTTBTTTTTBBTTTTBTTTTTTT,0
68,TTTTTTTTTTTTTTTTBTBBTTTTTTTTTTTTBTBBBBBTTBTBBBBBTBBTBBBTTBBBBBBBBBTBBBBBBBBBBBBBBBBTBBTBTTBTBBTBBBBTTBTTTTTTBTTBTBTTTTTBTTBBTTTTTTT,0
69,TTTTTTTTTTTTTTBBBTTTTTBTBBBBBBBBBTBTBTBBBBTBBBTTTBBBBBBTBBBBBBBTBBTBBBBBBTTTBTBTTTTBTBTBTTTTTBTTBBBTTTBTTTTT,0
70,TTTTTTTBTTTTTTTTTTTTTTTTTTTTBBBTTBTBBBBBBTBTBTBBBBTTBBBBBBBBBTBBBBBTTTBBBBBBBBBBBBBTBBBTBTBBBBBBBTBBBTBBTTTBBTBBBBBBBBTBTTBTTTBBTBTTTTTT,0
71,TTBTTTTTTTBTTTTTBTTBBTTTTTTTTTTBTTTBBBTTTBTTTBBTBBBBTTBBBBBBTTBBBBBBBTTTBBTBBTBBTTTBBBTTTTTTBBBBTBTTTTBBBTBTBBTBBBTBBBTBBTTBBBTTBBBBBBTBBTBBTBB,0
72,TTTTTTBTTTTTTTTTTTTTTTTTTBTTTTTBBBBBBBTBBTTTBTBBBBTTTBBBTTBTBBBBBBBTTBBBBBTBBBBBBTBBBBBBTBBBBTBTTBBBBTTBTBBTBTTTBTTTTTBBBTTTTTBT,0
73,TTTTTTTTTTTTTTTTTTTTTTTTTTTTTTTTTTTTTTTTBTBTTBBBTTTTTTBTBTTTTTBBBBTBBTTTTTTTTTBTTTTTTTBTTTTTTTTTTTT,0
74,TTTTTTTTTTTTTTTTTTTTTTTTTTTTTTTTTTTTTBTTTTTTTTTBTTBTTTTBBBTTTTTTBTBBTTBTTTTBTTTTTTTTBTTTTTTTBTTTTTTTTTT,0
75,TTTTTTTTTTTTTTTTTTTTTTTTBTTTTTTTTTTTTBTTTBTBTTTTTBTTBTBTBTTBBTBBTTBTTTTTTTTTBTTTTTTTBTTTTTTTTTTT,0
76,TTTTTTTTTTTTTTTTTTTTTTTTTTTTTTTTTTTTTTTTTTTTBTTTTTTTTTTBTTBTTTBBBTTBBTTBTTTBTBTBTBTTBBBBBTTBBBTBTTTBTTTTBTTTBTTBTTBTTTBTTTBT,0
77,TTTTTTTTTTTTTTTTTTTTTTTTTTTTTTTBTTTTTTTBTTTTTTTTTTTTBBTTBTTBBBTBBTTBBTBBTBTTBTTTBTBBTBTBTTBTBTBTTTTTTBTTTTBTBBBTBBBTBBBBTTBBBTTBTTBB,0
78,TTTTTTTTTTTTTTTTTTTTTTTTTTBTTTTTTTTTBTTBTTBBBBBTTTTTBTTTTBBTBTTBBBTBBTTBBBTBBTBTTTTTTTTBTTTTBTBTTT,0
79,TTTTTTTTTTTTBTTBTTTTTTTBTTTTTTTTTTBTBTBBBTTBTTTTBTTBTBTBBTTBBBTBBBBBBBBBBBBBBBTTBBBBBBTTTBBBBBBBBTBTBBTTTBTBBTTBTBTBBBBBBBTBBBBBBBBBBBBBBBBBBBBTBBTTTBTT,0
80,TTTTTTTTTTTTTTTTTTTTTTTTTTTTTTTTTTTTTTTTTTBBTTTTBTTTTTBTBTTBTBBBBTTTBTTBTTBBTBTBTBBTBBTTBBTTBTTTTTTBTTTBTBT,0
81,TTTTTTTTTTTTTTTTTTBTTTTTTBTBBTBBTBBBBBBBBBBBBBBBBBBBTBBBBBBBBBBBTBBBBBBBTBTBBBBTBBBBBBBBBBBTBTBBTBTBBTBTTTTTTTTTTT,0
82,TTTTTTTTTTTTTTTTTTTTTBTTTTTTTBBTTTTBBBBBBBBBBBTBTTBBBTBTBBBBBBTBBBBTTTTTTTTTBTTTTT,0
83,TTTTTTTTTTBTTTTBTTTTTTBBTTBTTBBBBBBBBTBBBBTBTBTBBTTTBBBTBBTTBBTBBTTBBBTBTTBBTTBTBTBBBTTTTBTTTTTTT,0
84,TTTTTTTTTTTTTTTBTTTTTBBBTBBBTTBBBBBBBBBBBTBBBBBTBBBTBBBTBBBBBBTBTBBBBBBBBBTBTBTTBTBTBTTTTBBBTBBTTTTTTT,0
85,TTTTTTBBBTTTTTTTBTTTTTTTTBTBBBBBBBTBBBBBBTBBBBBBBBTBTBBBBBBBBBBBBBBBBBBBBBBBBBBBBBBBBBBTBBBBBBBBBBTBBBTTTBBBBBTBBBBBBTBBBBTTBTBBTBTTTTTTTBTTT,0
86,TTTTTTTTBTTTTTTTTTTTTBTTTTBTBTBTBTTTTBBBTBBTBBBTBTBBBBBBBBBTBBBBBBBBTBBBBBBTBBBBBTBBTTTBTTBBBBBTTTBTT,0
87,TTTTBBTTTTTBBTBBBBTTBTTBTBTTBTBBBBBBBBBBBBBBBBBTBTBBBBBBBBBBBBBBBBBBBBBBBBBBBTBTBTBBBBTBBBBBBBTTTTBBBBBBBBBBBTBBBBBBTBBBBBBBBTBBBBBBBBTBBBBBBBBBBTBTBBBBTBBBTB,0
88,TTTTTTTTTTTTTTTTTTTTTBBBBTTBBBBBBBBBBBBTBBBBBTBTBBBBBBBBBBBBTBTBTBBBBBBTBBBTTTTTBBT,0
89,TTTTTTTTTTTTTTTTTTTTTTTTTTTTTBTTTBBTTTBTBTTBBBBBBTBTBBBBBTBBTTTBTBBBBBBTBTBTBTBTBBBBBBTTBBTBBBBBBTTBTBBBBTBBTTTTBBBBBTTBTBBTBBBBBBBTBTBBTTT,0
90,TTTTTTTTTTTTTTTTTTTTTTTTTTTTTTTTTTBBBBTBTBBBTTBBTTBBBBBTTTTTBBTTBBTBBTBBBBBBBBBBBTBTTBTTTTTBTTBBTTTTBBTBTTBBBBBTTT,0
91,TTTTTTTTTTTTTTTTTTTTTTTTBTTTBTBTBTBBTTTBBTBTTTTBBTTTTBBBBBBTBTBBBBBBBTTBBTTBTTTBBTTTBBBBBBTTBTBTBBBBBBTTBTBTBBTBBBBBBTBBBBBTTBBBBTBTBTBTTBBTBTTBBTTTTTTT,0
92,TTTTTTTTTTTTTTTTTTTBBTTTBTBTBBTTTBBTBTTBTBTTBTTTTBBTBTBBBBBBTBBBBBTBTTTBTBTBBTBBBBBBBBBBBTBBBBTTBBBBBBBBTBBBBBBBBBTBBBBBBBBBBBTBBBBBBBBTTBBBBBBBBBBTBBBBBBBBBBBBBBBBBBBBBBTBTBBBBTBBTBBBBBBBBBBBBBBBBBTBTBTBTTT,0
93,TTTTTTTTTTBTTTBBBBTTTBBBTBBBBTBBBTBBBTBBTTBTTBTBTBBTBBTTBBBBTBTBBTBBTTBBBTBBTTBTBBBTTTTTBBTBBBBBBBBBBBBTBBBBTBBTBBBTBTTTT,0
94,TTTTTTTTTTTTTTTTTTTTTTTTTTTTTTTBBBTTTBBTBBBBTBTBBTBTBTTTTTTBBBBBBBTBBBTBBBBBBTBBBTBBBTTTBTBTTBTBBBTTBTBBBTTTBBBBBTBBBBBBBBTB,0
95,TTTTTTTTTTTTTTTTTTTBBBTBTTBBBBBBBBTTBBTBTBBBTTBBTBBBTBTBTTTBTBBTBBTBTTBBTTBBBBTBBBTTBBBBTBBBTBBBTBTBBBBBBBBBTBBBBTTBBBBBBBBBBBTBTBTBBBBBBBBBBBBBBBBBBBBBBBTBTBBBBBBBBBBBBBBBBB,0
96,TTTTTTTTTTTTTTBTTTTTTTTBBBBBBTTBBTBTTTBBTTTBBBBTBBBTBBBBBBTBTTBTTTTTBBBTTBBBTTBBBBTBTTBBTTBBTBBBTTTBBBTTBBBBBBBBBBTTBTTBBBBBBBBT,0
97,TTTTBBTTTTTTBTTBTBBTTBTTBBBTBBBBTTBBBBBTBBTTBBTBBBBBBBBBTBTBTBBTBBBTTTTBBTBBBTBTBT,0
98,TTBBBBBBTBTBBBBBTBBBBBBBBBBBBBBBBBTTBBTBBBBBBBBBTBBBBTTBTBBTTBBTTBBBBBBTTBBTBBTBTTBBBBBTBTBBTTTBBB,0
99,TBBTTBBBTBTBBBTBBBBBBBBBBBBTBBBBTTTTTTBTBBBBBTTBBBTBBBBBTBBBBBBBBBBBBTTBBBTTBBBBBBBBBTBBBTBTBTBTBBTTBTBBTTBBTTBB,0
100,TTBBTBTBBBBBTTTBBBTTTBTBTTTTTBBBBBBBBBTBBBBBBBTTBBBBBBTBBBBBBTBBBBBBBBBBBBBTBTBBTBTBBBTBBBBTBTTTT,0
101,BBBBBBBBBBBBBBTBBBBBBBBBBBBBBBBBBBBBBBTBTTBTBBTTBBBBBBTBTTBTTBTTBBBBBBBTBBBTBTBTBBBBBBBTBBTBTBBTBBTBBBBTTBBBBTBTBT,0
102,TTBBTTBTBTBBTBBBTTTBTBBBBTTBBBBTBTBBBBTBTTBTBBBTTBBBBBBBBBBBBBBBBTBBBBBBBBBBBTBBTTBTBBBBBTTTTTTT,0
103,TBBTTBTBTBBTBBBBTBBBBBBBTBTBTTBTBBBBTBBBTBTBBBTBBBBTBBTBBBTBTBBBBTBBBBBTTTBBBBBBTBTTBT,0
104,TBBTBTBBBTBTTBBTBTBTTBBBBBTBTBBBTBBBBBBBTTBBBTBTTBBTBBTTBBBBBBBTBTTBTTBTTBBBTTTBBTBBBBBBBBBBTT,0
105,TTTTBBTBBBBBTBTBBTBTTBTBBBBBBBTBTBBTBBTTTTBTBBBTBBBBTBBBTBBTBBTBBBBTBTBBTBTBBBBBTT,0
106,TTTTTBTBBBTTTBBBTBBTBBBTTTBTBTBTBTBBBBTBBTBBBBBBBBTBBBBTBTBBBBBTTBBBBBBTTBBBTBBTTBTTTTTTT,0
107,TTTTTBTTBBTBBBBBTTBBBTBBBBTTBBTBTBBBBTTTTBBTBBBBTBBTBBBBBBBBTBBTBBBBBTBBTBBBBBBTTBBBBBTBTTTTTBBBT,0
108,TTTBTBTTBBBBBBBTBBBBBBTTBBTBTBBTBBBBBBBBTBBTBBBBBTBBBBTBBTBTBBBTBTTBBBBBBTBBTBBBBBBTBBBBBBBBBBBTTTBBBBBBB,0
109,TBTBBBTBBBTBTTTBTBTBTTTTBTTBTBBTBBBBTBTBBBBBBTBTTBBBTBBBBBBBBBBTTBBBBBBBTBTBBBBBBBBTBBBBBBBBBBBTBBBBTBBBBBBBBBBTBTBTBBT,0
110,TBTBBBBBBBBBTTTTBTBTTBTBBTBTBBBBTBTTTBBBBBBTBBBBBBBTBBBBBTTTBBBBTBTBTBBBBTBBTBBBBTTTBBBBBBBBBBBTBBBBBTTBBBBBBBTBBBTTBBTBBBBTBBTTBBBTBBTBBTBBBBBBBBBBBBBTBBBBBBBBBBBBBBBBBTBBBBBBBBBBBTTTBTBTB,0
111,TTTBTBBBBTBBBTTBTBTBTBBBTTBBTBTBBBTBBBBTBBBBBBBTTBTBBTBBBBBBBBBBBTTBBBTTBBBBBBBBBBBBBTBBBBBBT,0
112,TTBTTTBBTTTBBBTTBBTBBTBTTBTBBBBTBBBBBBBTBBTTBBBBBTTBTTBBBBTBTBBBTBTBBTBBBBTBBBBBBBBBBBBBBBBTTTBBT,0
113,TTTTTBTBBBBBBTTBBBBBBBBTBTTTBTBBTBTBBTTBTBTBTBBTBTTBTBBBTBTBBBTBBBTTBBBTTTTBBBTTTTTTBBTBTTTBTTBBBBBTTBTBTTTTBBBBBBBBBBTBBBBBBBBBBBTBBBBTBTBTBBBTBBTBBBBTT,0
114,TTTTBBTBTBBBBTTTBTTBTTTBBBTBTTBTTBBBBTBTTTTBTBBTTTTBTTTTBTTTTTTBTBTTBTBBBBTBTBTTBBBBBBTBBBBTBTTTBBBTBTBBTTTTTTB,0
115,TBTTBBBTTBTTBTBTTTBTBBBBBBBTTBBTBTBTBTBTTBBTTTBTBTTTBBTTBTTTTBTTTBTTTTBTBBBBBTBBTBBBTBTBTTTBTTTTTBTBBBBBBBBBBBBBBTBBTBBTBBBTTTTBBBBBTBTTBTBTTTBBBB,0
116,TBTBBTBTBTTBBBBBTTBTTBTBTBBBTTBTBBTTBBBBBTTBBBBBBBTBBTBBBBBTBTTTTTTTTTBBTTBTTTBBBTTBTTBBTBTBBBBBTTTBBBBTBBBBTTBBBTBTBBBTBBBTBBTBBBBBBBBBBTBBTTBTBBBBTBTTTBBTBTTBTTBTT,0
117,TTTBTBBBBBTBBBBTBTBTTBTBBBBBBBBBBBTBTTBTBBBBTTBTTTTTTTTTTTTBTTBTBTTTTBBBBTBTBBBBTTBBBTBTBBTBTBTBBBBBBTTBBBTTTTBBBBBBTTBBBBBTBBTTBBTBBTBTBTBBBBTTBTTTBTTTT,0
118,TTBTTTTTTBBBTTBTTTTTTBTTBBTBTTTBBBBBBBBBBTBBTBTTBBBBTBTTTTTTBTTTTBBBTBBBBBBBBTTBTTTTBTTTBBTBTTBBBTBTBBBBBBBTBBTBBTTBTBTBTBTTBBBTBBBBTBBTBBTTBTTT,0
119,TTBBBTBBBBBTBTBBTBBBTBTTBTBBTTBBTBBTBBBBBBBBTTBBBBTTBTBTTTTTTTBBTTBTBTBTTTBTTTTBTTTTBTBBTTTTBBTBTBBTTBBTTTBBBBBTTBBBTBBBTBBBBTTBBBBBTBTTBTBBBBBTTBTTBTTBBBTTTTT,0
120,TTTBBBBTTBBBBBBTTTTBBBBTTBBBTTBBBBBBTTTTTTTBTBBBBTBTTBBBTBBTBBBTBBBTBTBTTTTTBTBBTBBBTTTBTTBTBTTBTTBBTTTTTTBBTTTTTBBTBTBBBBTBTBTBTTBBBTBBBBBBBBBBBBTTBBBBBBBBBTBBBTBTBTBBTTTTBBTTT,0
121,TTTTTTTTTTTTTTTTTBBTBTTBTTTTBTBTBTTBTBBTTTBTTTTTBTTTTBTTTTTTTBTBBBBBBTBBBTBBBBTTTTBBBBBBTTTBBBTBBBBBBTBTBBBBBBBBBBBBBTBTBBTBBBBTTTBBTTB,0
122,TTTTTTTTTTTTTTTTTTTTBTTBTTTTTTBTTTTBTTTTTTTTBTTTTTTTBTBTBTTTBBTTBTBBBBBBBBTBBTBBTBTTTBBBBBBBBBTBTT,0
123,TTTTTTTTBTTTTBBTTTTTBTTTTBTBBTBBBBTTTTTTBTTTTBBTBTTTBBTTBBTTBTBTTBBBBBBBBBBBTTBBTBTBBTTBBBBBBBBBBBTBBBBBBBBBBBBBBBBBBBBBBTBBTBT,0
124,TTTTTTTTTTBTTTTTTBTTTTTTTTTTTTTTBTTBTTTBTBBBBBTBTBBBTBTTBTBTBBTTBTBTBBBBTBBTBBBBBBBBBBBBTBBBBBBBBBTBBTBBBBBBBBBBBBBBBBBBBBTTBTBBBBTTBTBTTBTBTTTTTBBTTBBT,0
125,TTTTTTTTTTTTTTTTBTTTBTTTTTTTTBTTTTBTTTTTTTTBTBTTTBTTTBTBTBTTBBTTTBBTBBBTBBBTBBTTBBBBBTBTBBTBBBBBBBBBBBBBBBBBBBBB,0
126,TTTTTTTTTTTTTTTTTBTTBTBTTTBTTTTTTBTTTTTBTTTBTTTTTTTTTTBTBTTTBBBBTTTBBBBBTBBTBTBBTBBBBBTBBBBBTBTTTBBBBBBBBBBBBBBBBBBBBBBBBBBBBBBBTBBTTBT,0
127,TTTTTTTTTTTTTTTTTTTBTBTTBTTTTTTTTBTTTTBTTBTTTTTTTTBTBTTBTTTBBBTTBBBBTBBBBBTBBBBBTBBBBBBBTTTBBBTBBTBBBBBBBTBBTBBBTTTT,0
128,TTBTTTTTTTTTTBTTTBBTTTTTTTTBTBTTTTTTTTTTTBBTTTTTTBTBBBTBTBTBBBTBBTBBBBBBBTBBTBBTTBTBTBTBBBBBBBBBBBBBBTTTTT,0
129,TTBTBTBBBTTBTTTTBTTTBBTBTBTTBTBBBTBBTTTTTBTBBBBBBBBTBTTTBBTBBTBBBBBBTBBBBBBBBBBBBTBTBBBTBTBTBBBTTBBBTT,0
130,TTTTTBBTBTBBTBTBBTTBBBBTBBBBBBBBTTTBBBBBBTTTBBBBBTBBBBTBBBBBBBTBBTBTTBBBBBBBTBBBBBBBBBTTBBBBBBTBBTBBBTBBBBBT,0
131,TBTTTBBTBTBBTBBBTBBBBBBBBBTTTBBBBTBBTTTBBBBTBTBBBTBBBBTBBTTTBBBTBBBBTTBBBBBBBBBBBBBBTBBBBBBTBBBBBBBBBBBTBBBTB,0
132,TTTTTTTBBTBBTTTTBBBBBBTTBBTBBBBBBBBBBBBBTTBTBBBTBBBBBBBTBBBBBBBBBBBTBBBTBBBBBBBBBBBBBBBBBBBBBTBB,0
133,TTTTTBBTTBTTTTBBTBBBBBTBBBBTBBBTTTBTBBBBBTBBTBBTBBBBBTTBBBBBBBBBBBBTBBBBBBBTBBTTTBBBBTBBBBBBBBBBBBTBBBTBBBBBTTTBBBBBBBBBBTTB,0
134,TTTBTTTBBBTTBTBTTTBBBTBTBBBBBBTTTTBTBTBBTBTBBBBTBBBBBBBBBBTBTBBBTBTBBBBBBBBBBBBBBBBTBBBBTTBBBTB,0
135,TTTTTBTBTBTTBTTTBBTTBBBBBBBBBTTTTTBBBTBTTBTBBBBBBBBTBBBBBTBBTTBBBTTBBBTTBBBTBBBBBBBBBTBTBBBBTTBBBBBBBBTB,0
136,TBTBBTTTTBTBTBBTBTBTTTTBTBBTTBBBTBBBBTBBBBBBBTBBBTBTBBBBTTBBBBTTTBBBBBBBTBTBBBBBTBBBBBBBTBBBBTBTTTB,0
137,TBBBBBTBBBTBTTTTBBTTBBTBTTBBBBTBBTBTTTBBTBBTBBBBTTTBTBTBBBBBBBBBBBTBTBBBBTTBBBBBBBBBBTBT,0
138,BBBBBBBBBBBTBBBBBTBBBBTBTBTTTTTBBTTTTTBTBBBBBBBBBBTBBBBTBBBBBBTBBTTTTBBTBTBBBBTBBBBBTTBBBBBBBTBBBBBBBBBBBBBBTBBBTBBBBTBBBBBBTB,0
139,BTBBBBBBBBBBBBBBBBBBBBBBBBBBBBBBBBBBBBBBBBBBBTTBBTBTBBTBBTBBBBBBBBBBBTBBBBBBTBBBBBTBBBBBBBBBBBBBBBBBTBBBBBBBBBBTBBBBBBBBBBTBTBBTBBBBBBBBBBBBBBBBBBBBBBBBBBBBBBBBBBBBBBTBBTBBBBBTBBBBBBBTBBBBBBBB,0
140,TBTBBBBTTTTTTTTBBBBTTTTBBBBBBBBBBBBBBBBBTBBBBBBBTTBBTBBBBBBBBBTBBBTBBBBBBBTBBBBBBBBBTBBBTBBBBTBBBBBBBBBBBBTBBBBBBBBBBTBBBBBBBBBTBBBBBBBBBB,0
141,TBBBBBBBBBBBTBTBBBBBBBBBBBTTTBTBBTTTBTBTBBBBBBBBBTBBBBBBTBTBBBBBTBBBBBBBBBBTBBBBBBTBBBBBBBBBBBBBBTTBBTBBBTBBBBBBBBBBBBTBBBBBBBTBBBBBBBBTBTBBBTTBBBBBBBBBBBBBB,0
142,TBBTBBTTBBBBBBBTTTTTBBBTBTTTTTBTBBBBBTBBTBBTBBBBBBTBBBBTBBBBBBBBBBTBBBTBTB,0
143,TTBTBBBBBBBBBTBBBBBBBBBBBBTTBBTBTTTBBTBBBBBBBBBBBBBTTBBBBBBBTBTBBTBTBBBBTTBTBBBBBBBBBTBBBBBBBBBBBTBBBBBBBBTBBBBTBBBBBBBBBTBBBT,0
144,TBTBTTTTTTTBTTTBTBBTBBBBBBBBBTBBBBBBBBBBBBTBBBBBBTBBBBBBBBBTBBBBBBBBTBTBTBBBBBBBTBBBBBBTTBTBB,0
145,TTTBTTTTTBTTTBTBTBTTTTTBTBTTTTBTTTTTTTTBTTTBTTBTBTBBTTTTTTTTBBBBBBTTBTTTTTTBTBTBTTBBTBTTBTBTTTTTTBBTTTTBTTT,0
146,TTTTTBTTTTBTBBBBBBBBBBBBBBBBTTTTTTBBTBBTTTTBBTBTBBBBBBTTBBTBTBBBBTBBTTBTTTTTBTBBTTTTTTTBBTTBTBTTTTTTTBBTTT,0
147,TTTTTTTTTTTTTTTTTTTTBTTTBBBTBTBTTBBTTBTBBBBTTBTTTTTBTTTTTTTBTTTTTTTTTTTTT,0
148,TTTTTBBBBBBBTBTTTBBTTTTTTTTBBTTTTBTBBBBTTBBBBTTBBBTTTBBTTBBBTTBTTBBBBTBTTBBT,0
149,TBTBBBBBBBTTBTBTTBBBBBBTBBBBBBBTBBTBBBTBBBBBBTTBBBBBTBBTBBBBBBBBBBBBBTTBBBBBBBBBBBBBTBTBTTBBBBBTTTTBBTTTTTTBTTTBTTTBTTTTBBBTBTTTBTTTBTBTBBTTBTBTBTT,0
150,BTTTTBTTTBTBBBBBTBBTBBBBBTBBTBTTTTTTBTTBBBTTBBTBBBTTTBBTBBBBTBTBBBTTTTTTTTTBTBBTBBBTBBTTTBBTBTBTBTTBBTTBTBTTBTTBTT,0
151,TTTTTBBBBTBTBBBTTBBBTBBBTBBBBBBBBTTTBTTTTBTTTTBTBTBTBBBBTBBTTBBTBBTTBTBBBTTBTBTTBBBTTBBTBBBBBTBTTBT,0
152,TBTBTBTBTTBTBTBTBBBBBBTTBBTTBTTTTBBBTBBTBTBTBBBTBTTBBBBBTBTBTBBTBBBBTBTTBTTTTTBBBTBBBTBTBBBTTTBBBBB,0
153,TTTBTTBTTBBTBTBTTTTTTTTBTTTTBTTBTBTTBBBTTBTBTBTBBBBBBTBBBBBTBBBBBTTBTTTTTTTTTBBTBBBTTBTBBBTBBBTBTBBBBBTTTBTTTTBTBT,0
154,TTTTTTBTTTBTTTTTTTTTTTTTTTTTTTBTTTTTTTTTTTBBBTBBBBBTTBBTBBBTBBBTBBTBTBTTTTBBTTTTBTBBBTTBTBBBTTTTT,0
155,TTTTTTTTTTTTTTTTTTTTTTTTTTTBTTTBTBTBTTTBBTTBBBBBTTTBBTTTBBTTTBBBBTBTTBTBTTTBBBTTTTT,0
156,TTTTTTTTTTTTTTTTTTBTTTTTTTBTTBBBTTTTTTTTBBBBBBBTTTTBTBTTTTTBTTTTTTBTBTTBBTBBTTTTT,0
157,TTTTBBBTTTBTBTTTTBTTTBTBTTTBTTTTTTTTTBTTTBTTTTTTTTBTBTBTTTTTBTBTTTBBTTTTTTBBTTTT,0
158,TTTBTBTTBTTTBBTTTTBTTTTTTTTBTTTTTTTTTTTBBTBBBBTTBBBBTTTTBBBBBBBBBTBTBTTTTTTTBTBTTTTBTTTTTBTBBTTTBTBBTBBBTTT,0
159,BTTTTTBTBTTTTBTTTTTTBTTTBBTTTBTBTBBTTBTBTBBBBBBTTTTTTTTTTTTBTTTTTTTTBTTTBTTTTTTTTTTTTTTTTTT,0
160,TTTTBTTTBTBTTBTTTTTTTTTTTTBTTTBTTBBTTBBBTBBBBTBBBBBTBBBBBTBBBTBTTTTTTTTBTTBTTBTBBBBBTTTTTTTTTTBTTTBBTBBTTTTBBTTBTTTT,0
161,TTTTBTTTTTTTTTTTBBBBTTBTBBTBTTTBTTBTBBTTBTBBTTBBBBBBTBTTTTTTBBBBBTBTTTTTTTTTTBTTTTTTTTTTTTTTTTTTTTTTTTBTBBBTTTBTTBTBTTTBTBBBBBTTTTTBBBBTTTT,0
162,TTTTTTTTTTBTTBTBBBTTBTTTBTTBBTTTTBTTTTTTTTTBBTTTTTTTTBTTBTTTTTTBBBTBBBTTTTBBTTBBBBTBTBTBBBBBTTTTBBTBBBBTBBTBTBBTBBTBBTBBBTTTBBBBBB,0
163,TTTBBBTBTTTTTTTBTTTTBTTTTTTTBTBTTTTTTTTTBTTTTBTBTTBBTBTBBTTTBTBBBBBBBBTBBBBBTBTBTBBTTBBBTBTTBTBTBBTBBBBBBBBBBBBTTBBBBBTTBBBBTBBBBBBBBBBBBBBBTTTTTBTBBBBTBBBBBBTBTBTBBTTTTTTTTTTT,0
164,TTTTTTTTTTTBTBTTTTTTTBTTBBTBBTTTTTTBBBBTBTTTTTTBBTTTTTTTBTTTTTBBBTTTTTBBBTTBBTTBBBTBBTTTBBTTTTBBBTBTBBBBBBBBBTBBBBBTBBBBBBTTBBTBBTBBBBBBT,0
165,TTTTTTTTTTBBBBBTTTBTTTTBBTTBBBBBTBBBBTBBBBBTBBBBBBBTTBBBBBTBBBBBBTBBTBBBBBTBTBBBBBBBTBBBBBBTTBTTBBBBBBTTBBBBBBBBBBBBTBTTBTTTTTTTTTBTBBTTTTTTBTTTTBTTTTTTTTTTBBBBTBBTBTTT,0
166,TTTTBTBTTTTBTBBTBBTBBBTBBBBBBBBBTBBBBBBBTTBBTTBTBBBBBTBTBTBBBTBTBBBTTTBTTTBTTTTTBBTBBBTTTTTBTTBTTTBTBBBTTTBBTTTTBBTTBTTBBTTTBBTBTBBTBBBBBBTBTBBBTTBBBBTTBBTBBBTBBBBBTBBBBBTTBBTTTT,0
167,TTTTBTTBTTBTTTTTBBTTTBBBBTBBTTBBBBBTTTBBTBTTBTBBBTBTBTBBBBTTBTBTTBBTTTBTTTTTBTTBTTTTTTTTBTTTTTTBBBTBBTBBBTTBBBBBBTTTBTTTTTTBTBTTTBBBBT,0
168,TTTTTBTTTTTTBTTBBBBTBBBTTTTBTTBBBTBBTTTBBTBBTTBTTTBTBTTTBTBTTTTTTTTBTBTTBBTTTTBBBTBBBBBBBBTTTBBBBTTBBTTTBBTTBTTTBBBBBBTBTBBBBBBBBBBBBBBTBBBBTTBBBBBTTBBTBBBBBTTBBB,0
169,TTBTTBBBTBBBBBBBBBBTBTBBTBBBBBBBTBTTTBBTBTBBBTTTBTTBTBBBBBBTTBTTTTBBBBTBTBBBBTTBBTBBBBBBTBTTBBBBBTBTBTBBBBBBBTBBTBBBBBTBTTBBBBBTTTTBTTTBBTTTBBTTBTBTTTTTTTTTTTTTBTBTTTBTTBTBTBTTTTT,0
170,TTTTTTTTBTTTTTBTTTTBTTBTTTTTTTTTTBTTTTBBBBTBTBBTTBBTTBBTTTBBTBTBBTBTTTTBBBBBBBTTTTBTBTBTBBBBBBBTBTTTBBBBTBBBBBBTBBBBBBBBBBBBBTBTBTBTBBBTBBTBBBBBBBBBBBBBBBBBTBBTBTBBBB,0
171,TTBTBTTBBBBTBBTTTBTTTTTTBBTBTBTBTTTBBTTTBTTBTBBTTBTTBBTBTBTBBTTBBBBTTBTBTTTBBBTBBTBTTTTTTBBBBTTTTBBTTBBBBBBBBBTTBBBBTBTBBBBBBBBTBTTTBBBBBBBBTBBTBBTBBBBBBBBBBBTBBBBTBBTTBBTBBTBTTBBB,0
172,TTTTTTTTTTTTTTTTTTTTTTTTTTTTTTTTTTTTBTTTTTTTTTTTTTTBBBTBBBBTBBTBTBBTTTBBTBBTTBBBBBBBBBTBBBBBTBBBTBBBTBTBBBBBBBBBBTBBTBBBBBBBBBBBBBBBTBBTBBBBBBBBTBTBBBBBBBBBBBBBBBBBBBBBBBTTB,0
173,BBTBBBTBBBBBBBBBTBBBBTBBBBBBBBBTBBBBBBBBBBBBBBBBTTBTBBTBBTTTBBBBBTBBBBBBBBBBBBTBBTBBBBBBBBBBBBBBBBTTBTBBTBTBBTBBBBTBBBBBTBBBTBBBBBBBBTBBTBBBTBTBBTBTTTBBBTTTBBBTBBBTBBTBBTBBBTBBB,0
174,TTTTTTTBBTBBTTBBBBBBBBBBBBBBBTTBBBBBBBBBBBBBTBTBTTBTBBBTBBBBTBBTBBBBTBBBBBBTBTTBTBTBBTBBTTTBTTTTBTTTBTTTTTTBBBTTBBBTTTTTTBTTBTBTBBBBTBTTBBBTTTBBTBTBBBBTBBBBTTBBTBBBBTBBBBBTBB,0
175,TTTTTTTTTTTTTTTTTTTTTTTTTBBTTBTTBBBTBBBBBBBTBBBBBBBBTTBBBBBBBTTBBTTBBTBBBBTBBTTBBBBBBBBBTBBTBBTTBBBBBTTBBBBBBTBBBTBTBBBBTTBTBBTTBTTBBTBBBTBTTTBBTBTTBTBBBTBTBBBBTTB,0
176,TTBBTTTBBTTBTTTTTTTBTTTBBBBBBBBBBBTBTBBBTTBBTBBTTBTTTTBBTBTTTTTTTTTTBBTTBBBBBBBBTBTBBBBBBBBBBTTTTTBBTBTTBTBBTBBTBBBTBTTBBTBTBBBBBBBBBBBBBBBTTBBTBTTBTTBBBBBBBBBTBTBBTBBBBBBBTBT,0
177,TTTTBTBBBTTTBBBTTTBTTTTTTTTTTTTTBTBBTTTBTBTTBBTBBTTTTTBBBTTTBBBBTTTTBTBTTBBBBBBBBBBBBBBBTBBTBBBTBBBBBBBTTBBBBTTBTTB,0
178,BBTBBBBTBTTTBBBBTTTTTTTTTTTBTTTTTTBTTTTTTTTBBBBBTTBBTBBBBBTBTTTBTTBTTTBBBBBBBTBBBBBBBTBTBTTBBTTBBTBBBBTBB,0
179,TBBBTTTTTTTTTTTTTTTTBTTTBTTTBTTBTTTTBBBBBBTTTBBTBBBBTBBBBBBTTTBTBBBBTTBBTBBTTTBTBBTBBBTBBBBTBBBBTBBTTTBBTBBTBBTBBBBTBBTTT,0
180,TTBTTBBBBBTBBBBBTBBBBTTBBBBBBBBBBBBBTBBBBTBBBTBBTBBTTTBTTTTBTBBTBTTTBTTTBBBBBBBTBBBTBBBBBTTBTBTBTTBTBTBBBBBBBBTBBBBBBBBTBTBTTTTBTBTBBBBTBBBBBBTBTBBBBBTBBTBTBTTB,0
181,BBTBTTBBBBBTBBBBBBBBBTBBBBBBBBTBTBBBBBBBBBTBBTBBBBBBBBBBBBBBBBBBBBBBBBBBBBBBBTBBBBBBTBBBTBTBTBBBBBBBBBBBBTTTBBTBBBBBBTBBBBTBTBBTBTBBTTBBTTTTTBBTTBBBTTBBBTBBTBBBBTBBBT,0
182,BTBBTBBBBBBBTBBBBTBBBBBBBBBTBTBBBBBBBBTBBBBBBTBBTBTTBTTBBBBTBTBTBTTTTBTBBBBTBTBBBTBTBBBTTTBBTBTBTBTTTTBTBTBTTBBBBBBBTBTTBTTBTBTBTT,0
183,TBTTBTBBBBTBBBBBBTTTTBBTBBBTBBBTBTTTTTTTBTBTBTTTTTTBBBBBBTTTBTBBTTTBTTTTBBTTBBTBBBTBBBBBBTB,0
184,TTBTTTBTTTTBBBTTTTTTTTTBTTBTTTTBTTBBBBBBBBBBBTBTBBBTTTBBBBBBBTTTTTBBBBTTBBBBBTBBBBBTBBBBTBBBBTBBTTTBTTTTTBBTTBTTT,0
185,TBBTTTBBBBBTTBTTBTTTTTTBBTTTTTBTTBBTTBBBTBTTBBBBTBBBTBBBBTBTBTBTBBBBBBTBBBTBBBTBBBTTBTTTTBBTBTTBBBBBBBBBBBBTBTT,0
186,TTTTTTTTTTTBTTBBTBTTBBBBBTBBBBBBTBTTTTBBTTBBBTTBBBTBBBBBBBBBTBBBBBBBBBBTBTBBBBBTTTTBBTBTBTBBBBTTT,0
187,TTTTTTTBTTTTTTBTTTTTTBTBBTBTBTBBTTTBTBBTBTBBBTBTBBTBBTBTBBTBTBBBBTBBBBTTTBTBBTBBBBBBTBTBBBTBTBTBTT,0
188,BBBBBBBBTBBTBBBBBBBTBBBBBTTBBBTBTBBBBTBBBTBTBTTBBBTBTBBTTTTTTTBTBTBBBTBTTTBBBTTBBBTTBBTBBTBTTTBBBBBTTTTTBBBTBTTBBBTTBBTTTT,0
189,BBBBBBBTBTBBBBBBBBBBBBTTBBTTTBBBTBBTBTTTTBTTBTTTTTTTTTBTBTBBBTBBTTBTTBTBBBTBBTBTBTTTBTTBBTB,0
190,TBBBBBBBBBBBBBBBBBTBTBBTBTBTTBBBBBBTTTTTTTTTTTBTBBTBTBBBBBBBBTBTBBBBBBTTTBTBBBBBTTTBTTTBBBBBBBBTTBBBBBBBTBTBBBBBBTBBTBBBBTBBTTBBBBB,0
191,TTTTBTTTBTBBTTTTBBTTTTTTTTTTBTTTTBTTTTBTTBTTBTBTBTTBBBBTTTBBBBBBTBTTTBBBBTBBB,0
192,TTTTTTTBTBTTTBBBTBTBTTTTTTTTTTTBBTTBBTBBTTBBTBTBBTBBTTBTTTBBTBBTTTBBBBTBBBTBBBBBBBBTBTBBBTTTTBTTBBTBBTTTBBBB,0
193,BTBBBTTTTBBBTTBTBBBBBTBBBBBBBBTBTBBBBBBBBBBTTTTBBTBTBTBBTBTTBTTBTTBTTBBBBBBBTBTBBTBBBTBTBTTBTBTTBBBTBTTBBTBBTTBBTBBBTTTTTTTTTTTTBTTTTTTTTTTT,0
194,TTTTTTTTTTTBBTTTTBTBTTTBBBBTBBTBTBBBTBTBTBTBBBBTTBBTBTTTTTBBBTTTTTTTTTTTTTTTTTTTTTTTT,0
195,TBBBBBTBTBBTBTTTTBBTTBBBBBBBBBBBTBTTBBTBTTBBBBBBTBBBBBBBBBBTBTBTBTBTBBTBTBTTTBBTTTBTBBTTTTTTTTTTTTTTTTTT,0
196,TTTTTBTTTTBTTBTTBBBBBBBBBBTBTBBTTBBBBBBBBBBBBBBBBBBBBBBBBBTBTBBBBBBBBBTBTBBBBTBBBBBBBBBBBTBTBTTBTBTTBBTBBBBBBBBBBBBBBBBBTTBTTTTBTTTTTTTTTBTTTTTTTTTTTTT,0
197,BBBBBTTBBTBTTBBTBBBBBBBTBBTBBTBBBBBBBBBBTTBBBBBBBBBBBBBBBBBBBBBBBBTBBBBBTBBBBBBBBBBTBBBTBBBBBTTBBTTTBBBTTBTBTTBBBTTTBBBTTTTTBBBBBTTTTTTTBTT,0
198,TTTTTTTTTTTTTTTTTBTBBBBTTTBTTTBTTBTBBBBBBBBBTBBBBBBTBTBBBBBBTBTTBBTBBBTTTTTTTBTTTBTBTBTTTTTBTTTTTTTTTTTTTTTTTTTT,0
199,TTTBTTTTTTTTTTBBTBBBBTTTBTBBBBBBTBBBTTBBTBBBBBTBBTTBBBBBBBBBBTTBBTBTTTBBBBTTBTTTTTTTTTTTTTTTTTTTTTT,0
200,TBBTTTTTTTBTTTTTBBTTBBBTTTBBTBBBBBBBTBBBBBBBBBBBBTBBBBBTBBTBTBTBBBBBTBTBTBTBBBBBTTBTBTTBTTBTBBTBBBTTTTTTTTTTTTTTTTTTTTTTTTTTTTTTTTTTTTTTTT,0
201,TTBTBTTTTTTTTTBBBTBBTBBTTTTBBTTTTTBBBTTTTTTBBBBTBTBTBTTBBBBBTTBTBBBBBBBTBBTTTTTTTTTTTTTT,0
202,TTTTTTTTTTTTBTTBTTTTTTTTTBTTTBBBBTBBBBBTBBBTTTBTBTBBTTBBBTBTBTBBTBBBBTBBBTBBTBBBBBBBBBBBBBBBBBBTTTTTT,0
203,BTTBTTBBBTTBBTBBTTTTTTTTBTTTTBBTBBTBBTBTTBBTTBBTTBTBBTBBTTBBBBTBBTBBBBBBBTTTBBBBTTBBBBTTTBBBTBBTTTTTTT,0
204,TTTTBTTTTBBTTBBBBBBTTTTTBBTBBBBTBBBBBBBTTBBBBTBBBBTBBBBBBTBBBBBTTBTBBBTTBBBBBBBBBBBBBBBTTTBBBBBBBBBBBBTBTBBTBBTBBBBBTBTBTBBTBBBBBBBBTBBBBBBBBTBTBBTBBBBBBTBTBBBBBTTBTTBBTTTTTTTTT,0
205,TTTBTBBBBTBTBTBTTTTBTTTTTBTBTBTBBBTTBBBTTTBBBTBTTTBBTBBBBBBBBBBBBBTBBTBTBBBBBTBTTBBBBBBBBBBBBBBBBBBTBBTBBBBBBBBBTBBBBTBBBBTBBBBBBBBBTBBBBTTTTBBBBTTTTTBB,0
206,TTTTBTTTTTTTTTTTTTTTTTTTBTBBBBBTTTBBTTBBBBTTBBBBBTBBTBBBBTTBBTBBBTBBTBBBTBBBBBTBBBTBBTBBBTTBTBBTTTBBTBTBTTBBBTTBTBBTTBTTTTTTTB,0
207,TTTTTTTTTTTTTTBTTTTTTTBBTBTTBBTTBTTBBTTBTBBBBBTBBBBTBBBBBBTBTBTBBBBTTBBBTBBBBBBBBBBBTBBBTBBBTBTTBBBBTBBTBTBTBBBTTBBTTTTBTBTTTTTTTBTB,0
208,TTTBTTTBTBTTTTTTTBBTTTBTBBTTBBBBBBBBTTBBTTBBBBBTBTBBBBBBBTTBBBTBBBBBBBTTTTBTBBBBBBBBTBBTBTBTBBBBBBBBBBTBBTTBBBBTBBTBBTBBBTTTBTTTBBTTTTTTTTTTTTTBBTTT,0
209,TTTTTTTTTTTTTTTTTTTTTTTTTTBTBTTTBTTBTBTTTTTTBBTTTBTBBTBBBBBBBTBTBBTBTBTTTTBTTBTTTTTTTTTTTTTTTTTTTTTT,0
210,TTTTTTTTTTTTTTTTTTTTTTTTTTTTTTTTTTTTTTTTTTTTTTTTTTTTTTTBBTBBBBBBTBBBBTBBTTTBTTTBTTTBTTTTTTBTTTBTBTT,0
211,TBBTTTTTTTTTTTTTBTTTTTTTTTTTTTBTTTTTTTTTBBTTTBBTTTTTTBBTTTBBBTBBBBBBTTTBBBBTTBTTBBTTBTBTBTBBTTBBTTT,0
212,TTTTTTTTTTTTTTTTTTTTTTTTTTTTTTTBTTTTTTTTTTTTBBTBTBBBTTBBTBBBBTBBTBBTBBBTBTTTTTBTTBBBBBTBTBTTBTBBTBTTTTTTT,0
213,TTTTTTTTTTTTTTTTTTTTTTTTTTTTTTTTTTTTTTTTTTTTBTTTTTTTTTTTTBTTBTTTTTTTTTBBBBBBTBBTBBBBBBBBBBBBTTTTBBTTBTBBBTTTBTTTTTTBBTTBBBTBTBBBBTBTTT,0
214,TBTTTTTTTTTTTTTBTTTTTTTTTTBTTTTTTTTTTTTTTTBBTBBTTTTBTTBTTBTTBBTBBBBBBTTBTBBTBBTBTBBTBTTBBTBTTTTTTTTBBTTTTT,0
215,TTBTBTTTTBBTTTTTTTTTTTBBTTTTTTTTTTTTTTTBTTTBBBTTTBTTTTTTTTTBTBBBBTTTBBBBBBBTBBTBTBTBTTBBTTTBTBTTTTBTBTTT,0
216,TTTTTTTTTTTTTTBTTTTBTTTTTTTTTTTBTTBTTTBBTBBBBTBBBBBTBTTTBTBBBBTTTBBBTBBBBBBBBBBBBBBBTBTTBBTTBBTBBBBTTBBTTBTTTTBTTTTTTTTTTTT,0
217,TBTTTBTTBBTBBTBTTBBTTBBTTTTBTTBTTBBTTTTTTTTTTTBTBTTTTTTTTTBBTTBBBBBBBTTBBTTBBBTTTTBTTTTTBBBTBBBTTTTTTTTTTTTTTTTTTT,0
218,TTTTBTBBBBTTTTBTTTTTTTTTBTTBTTTTBBTBTTBBBBTBBTBBBBBBBBBTTTTBTTTTBTTTBBTBTTTTTTTBTTTTBTTTTTTTTTTTTTTTTTTTT,0
219,TTTTTTTTTTTTTTTTBTTTTTTTTTBTTTTBTTTTTBBTBBBTBTBBBBBTBBBBBBBTBTBTTBTTTTTTTBBBTBTBBTTBTTTBTTTTTTTTTTTT,0
220,TTBTTTTTBBTTTBTBTBBBTBTBBBTBTBBBBBTBBBBBBBTBBBTBBTTBBTTBTTBBBBTTBBBTTTBBBBBBTTBTTTTTBBBTTTTTTTTTTTTTBTTBTTTTTTTTTTTTTTTTTTBTTT,0
221,TTTTTBTTTTTTTBBBTTBBBTBTTTTTTTTTTTTTTTTTTTTBBTTTTTBBBBTTBBBBBTBBBTBTBBBBTBBTBTBBBBTBBBTBTTBTBBTTBBBTBTBTBTTBTTBBTBBBBTBTTTBTTTTTTTTTTTTTTT,0
222,TTBTTBTBBTTTTTTTTBTTTTTBTTTTTBBBTBBBTBBBBBBBTBBBBTBBBBTTTBTTTTBTBBBBBBBBBTBBTBBBTBBTTTTTTTTBTTTBTTTTTTTTTTTTTT,0
223,TBTTTTTTTBTTTTTTTTTBTTTTTTBTBBBBBBBBBBBBBBBBBBBBTBBBBBBTBBTBBBTBBBTTBBTBTTBTBTBBBBTBBBBBBBTBTTTTTTTTTTBTTTTBTTTTTTTTTTTTTTTTT,0
224,BTBTBBBTTBTTTTTTTTTBTBTTBBBTBTBBBBTBBBBBTBBBTBBBTBBBBBTBTBBBTBTTBBBBTTBBTBBBTTBTBBBBBBBBBTBTTTTTTTTTTTBTTTTBTTTTTTTTTTTTTTTTTTTTT,0
225,BTBTBTBBBBBBTBBBBBTTBBBBTBBTTTTTTTBTTTTTTTBTTBTBTTTBBBTTBBBBBTTTBBBBBTBBBBBTTBBTBBTBBBTBTBBBTBBBBTTTTTTBTBTTTTTTTTTTTT,0
226,TBBBTTBTBBTBBTBTTTTBBTTTTTTBBBBTTBTTBBBBBBBTTBBBBBTBBBBBTBBBBBBBBBBBTTBTBTBTBBBTBBTBBBTBBTBBTTBTTTTBTTTTTTTTTTTTTT,0
227,TTTTTBTTBTTBTTTTTTTTBTTTBTBBBTBTBBBBBBBBBBBBBBTBBBBTBBBTBTBBTTBTBTBBBBTBBTTTBTTTTTTTTTT,0
228,BBBTTTTTBTTBBTBBBBBTTBBBBBBBBBBBBBBBBBBBBBBBBBTBBBBBBBBBBBBTBTTBBBBBBBBBBBTTBTBTBBBBBBBBBBBTTBBBTTTTTTTBBTTTTTTTBTTTBTTTTT,0
229,TTTTTTTBTTBTTTTTTTTTTTTTTTTTTBTTTBTTTTBTTBTBBBTBBBTBBTTBBTBBBBBBTBBTBBBTTBTTBBBBBTBTTTTTTBTTTTTTTTTT,0
230,TTBTBBBTBBBTTTTTTTTTBTTBTTBTTTTTTTTTTTTTTBTTTBTTBBBTTBBBBBBBTTBBBTTBTBBTBBBBTTTTTBBTTTTTTTTTTTT,0
231,TTTTTTTTTTTTTTTTTTTTTTTTTTTTBTTTTBBBBBBBTBBBBTBBBBTBBBBBBBTBBTBTBBBBTBBTBBTBBBBBBBBBBBTTBTBTTBBTTTTTTTTTTTTTBT,0
232,TTTTTTTTTTTTTTTTTTTTTTBTBTBBTBBTBTBTBBBBBBBBBBBBBBBBBTTTBBBTTBBBTBBBBBBBBBBBTTBTBBBTBTBBBTBBTTTTBBTBBBBTBBTTBTBTTBBTTT,0
233,TBBTTTTTTTTTTTTTBTBTTTTBTBBBBTTTBBBBTTBBBBBBBBTBBTTBBBBBBBBBBBBBBBBBBBBBBBBBBBTBBBBTBBBBTBTBTTTTBTTTTTTTBBTTTTT,0
234,TTTTTTTTTTTTTTTTTTTTTTTTBBTTTBTTTBTTTBTTTBBTTBTTTTBBBBTBBBBBTTBTBBBBBBBBBBBTBBBBBBBBBBTTBBBBBTBBBBBBBBBTBTBBBBTTBBTTBTTTTTBBBBBTTBBTTTTTBTTTTTTTTBTTT,0
235,TTTTTTTTTTTTTTTTTTTTTTTTTTTBTTTTTTTTTBBTBBTTBBBTBBTTBBTTBBBBTBBBTBBTBBBBBBBBTTTBTBBBBBBTBBBTBTBBBBTTTBTTTTTTBBTTTTTBTTTTTTTTTBTTTTTT,0
236,TTTTTTTBTTBTTBBTBTBBBBBTBBBBBBBBBBBBBTBBBBBBBBBBBBBBTBBTBTBBBBTBBBBBTBBTBTBBBBBBTBTBTBBBTBTTTBTTTTBTTBTBBBTTTBBBBTTTBTBTTBBTT,0
237,TTTTTTTTTTTTTTTTBTBBTBBBTBTTTTTBBBBBBBTBBBBTBBBBBBBBBBBTTBBBTBBBBBBBBBBBBBBBTBBBBBBBBBTTTBBTBBTTTBBBBTTTTTTTTTTBBBBTBTTBTBTTBBTTTTTT,0
238,TTTTTTTTTTTTTTTTTTTTTTTTBTTTTTTBBTBBBTBBBTBBBBBTBBBBBBTBBBBTBTBBBBBBBBBBBBBBBBBBBBBTBTBBBBBBTTTTTTTTTTTTTTTTTBTBTBTTTTTTTT,0
239,BTTTTTTTTTTTTTTTTTBTBTBBTTBBBTBBBBTBBBBBBBBTBTTBBBBBTTBBBBBBBBBBBBBBBTTBBBBBBBBBBBBBBBBTBTTBBBTTTBTTBBTTTTTTTTTTTTTTTTTT,0
240,BTTTTTTTTTTTTTTBTBBBTBBBBBBBTBBBBBBBBBTBBBBBBBTBBBBBTBBBBBBTBBBBBTBBBBTTBTBTTTTTTTTTTTTTTBBTTTTTTTBTTTTTTTTT,0
241,BTTTTTTBBBTBBTTBBBBBTBBBTBBTTBBBTTBBBBBTBBBBBBBTBBBBTTTBTBBTTTTTTTTBBTTTBTTT,0
242,TBTTTBBTTTTTTBBBBTTTBBBTBBBTTBBBBTTBBTTTTTTTTTTTBBTTBTTTTTBBBBBBTTBBBTTBTTTTTTTTTTTTTTTTT,0
243,TTTTTBTTTBBTTTTTTBBTTTTTBBTBTTTTTBBTBTTBTTTTTTTTTTBBBBBTBBBTTBTBTTTTBTTTTTTTTTTT,0
244,TTTBTBTBBBBBBBBTTTBBBBBTBTBBTBBBTBBBBBBBBTBTTBBBTTBTTBTBTBTTBTBTTBBTBBBBBTTBBTBBTTBBBBTBTBBTBTBBBTTTTTTTTTTTTTTTT,0
245,TTTTTBTTBTTTTBBTTTTTTBBBBBBBBBBTTTTBBTBTTTTTTTTTTTTTTBBBTBTBTTTTBTBBTBTTBBTTTTBTTTTTTTTTTT,0
246,BTTBBBTBTTTTTBBTTTBBBBTBBBBBBTTBBTTTBBTTTTTTTTTTTTBTTTTTBTTBTTBTTBTBTBBBTTTTTTTTTTBTTTTTTTTTTTT,0
247,TTTTTBTTTTTTTBBBTTTBBTBBBTTBBTTTTBTTTTTTTTBBBBBBTTTBTBBBBTTBTBBTTTBTTTTTTTTTTBTTTTTTBTTTT,0
248,TBBBTBTTTTBBTBTTTTBBBBBTBBBTBTTBTTBBBTTTTTTBTTBTTTBBBBBBTTBTBBBBTTTTTBTBTBBBBBBTBBTBBTTTTTTTTTTBTBTTTTTBTTTBTTT,0
249,TBTTTTTTTBTBBBBBBTTTTBTTTTTTTTBBBTTTTBTBTTBTTTBTTTTTTTTBTTTBTTTTTTTTTTTTBTBTTTTTBTTTTTTTTTTTTT,0
250,TBTTTTTTTTTTBTTTBBTTTTBTTTTTTTTTTTBTTTBBTBTTTTBBBTTTBTTTBTTBBTTTTBTBTBBTBTTBBTTTBTBBBTTBBTTTTTT,0
251,TTTBTTTTTTBTBBTTBTTBTBBBBBTBTBTTBTBTTBTTBBTBBBBTBBBTBTBTTBTTBTTTBTTBTTBTBTTBTTTTTTTTTTTTTTTTTTTT,0
252,TTTTTBBTTTBTTTTTTTBTBBBBTBBTBTBTTBBTTTBTTBTBTTTBTTTTTBTBTBTTTTTBBTTBTTTBTTTBTBTTTTTTTTTTBTTTTTTTTTTTTTTTTTTTTTT,0
253,TTTBTTTTTTTTTBTBBBBBBBTBTTTTTTBTBTBBBBBBTBBTBBBBBBBBTBBBTBTBBTBTBBBBTBBBTTBBTTTBBTTTBBBBBBTBBTTBTTBBBTTBBBTBBTTTBTTBBTTTTBTTBTTBTTTBTTBTBBBTBBTTTBTTBBTTBBBBTTTTTTTTTTTT,0
254,BBTTTTTTBTBBBBBTTTBBTTTTBBBBBBBBTBTTBBBBBBBBBBBBBBTTTBBBBTBBTBBTBTTTBTTTTBTTBBBBTTTTTTTTBTTTTBTBBBBBTBBBTBBTTBTTTTTTTTTTTTTTT,0
255,TBTTTTTTTTBTTTBBTTBTBBTBTBTTTTTTBBTBBBBBTBBBBTBBTBBTBBBBTBBBTBBBBTTTBBTTTTBTBBBTBBTBBBTTBTBBBTBTBTTTBTTTTBBBTTBBTBBBBTBBBBBTBTBBTBBTBTBTBTTTT,0
256,TTBTBTTTTTTTTTTTBTBBBBBBTBBBBTBBTBBTTBBBBBTBBTBBTBBBBBBBBBBBBTBBBTBTBBBBTTBTBBBBBBBBBBBBBBBBBBBBBBBTBBBTBTBBBTBBBBBTBBBBTBBTTTTBTBBBBBBBBBBBTTTTTBBBBBBBBBTBTTTBBTTBTTTTTTBTTTBTBBBBBTBTBTBTBBTBBBTBTTTTTTTT,0
257,TTTTTTTTTTTTBTTTBBTTBTTTBBTBBBTBTTBTBTTBBBTTTBBBTTBTBBBBBBTBBTBBBBBBBBBBBBBBBBBBBBTBTTTTBBTBBTTTBBTBBBBBBBBBBBBBBBBTTBBTTBTBTTTTTBTBTTBTTTTTTTTTTTTBTTTTTTTTTTTT,0
258,TTTTTTTTTTTTTTTTBTTTTTTTTTTBTTBTTBTBTBTBBBBBBBTBTTBBBBBBBBBBBTBBBTTBBBBBBTBTTBBTBBBBBBBTTTTBBTBTTTTTBTBTTBBTBBBTTTTTTTTTT,0
259,TTTTTTTTTTTTBTTTBBBTTTTTTBTTBTTBBTBTBBBBTTTTBBBBBTBBBBBBTBBTTTBBTTBBTBBBBTBTBBBTTTBBBBBTBBBBBBTTBBBTBBBTTBBTTTTTTBBBTBBTTBBTTTTTBTTTTTTTTTT,0
260,TTTTTTTTTTTTTTTTTTTTTTTBTBBBTBTTTBTTTTBTTTTBTTTTTBTTTTTTBTBBBBTBBTTBBTTBTTTTTBTBBBTBTBBBBTTBBTBTTTTTBTBTTT,0
261,TTTTBBTTTTBTTBTBBTBTTBTTBBTBTTTTTTTTTBTTTTTBBBBBTTBTBTTTTTTBBBTTBBTBBTBTBTBTBBTBTBTBBBBTTBBBBBBBBBTBBTBBTTTBTTTBTBTTBTTBTBTTTTBTTTTTTTTT,0
262,TTTTTTTTTTTTBTTTBBTBBBTTTTTTTTTTBTTTTBTTBTBTTTTBBBBTBBBTBBBBBBBBTBTBTBTBBTBBBTBBTBBBBBBTTTTBBTBTTBBBBBBBBBBBTBTTTTTTBTTBTTBTBBBBBBBBBTTBTTTBBTTTTBTT,0
263,TTTTTTTTTTTTTTBTTTTTTTBTTTTTTTTTBTTTTTBTTBTTTTTTTTBTTBTTTBTTTBBBTBBTBBTBTTTTTTTTTTTTTBTTBTTTBTTT,0
264,TTTTTTTTTTBTTTTBBBBTTTTTTTTTTTTTTBTBBTTBTTTBBBBBBBBBBTBBTBBTBBBTBBBBTTBBBTTBBBBBBBBBBBBTTTBBTBBBBBBBBBTBBBBBBBBBBTBBBBTTTBBTBBBTBTTTTBBTTTBTBTTTTTTTTTT,0
265,TTTTBTTBTTTBTTTTBTTTTBTTTTTTTTBTBBTTTTTBTBBTTTBBBBBBBBTBTBBBTTTBBTBBTBBBTBBTBBBTTTBTBBBTBTTBBTBTTTTTTTTTBTBTTTBTTTTTTTTBBTTBTTTTTBTTTTTTTTTTTTTTTT,0
266,TTTTTTTTTTTTTBBTTTTTTTTTTTTTTTTTTTTTTTTBBBBTBBBBBTBBTTBBBTBBTBTTBBBBBBBTTBBBBBBTTTTTBTBBTBBTTTBTBBTTTTTTTTTTTTTTBBTTTTTTTBTTTTTTT,0
267,TTTTTTTTTTTTTTTTTTTTTTTTTTTTTBBBBBBBBBBBBBBBTBBTBBBBBBBTTTBBBTBTBBBBBBBBBBBBBBBBTBBBBBBBTBTBTTBTTTBBBTTBBTTTBTBTTTTTTTTBTTBBTTTTBTTBTTTTTTTTTTTTTT,0
268,TTTTTTTTTTBTTTTTTTTTTTTTTTTTTTTTTTTTTTBTBBBBTBBBBBBBBBTTBBTTBTBBTTTTTBBTTBBBBBBTBBBBBBTBBTBTTTTBTBTBTBTTTTTTTTTTTTBTTTTTTTTTTT,0
269,TTTTTTTTTTTTTTTTTBTTTTTTTTTTTTTTTTTTTTTTTTBTTTBTBTTBBTBBBTTTTTTTBTTTTTTTTTBTTTTTTTTTTTTTTTTTTTTTT,0
270,TTTTTTTTTTTTTTTTTTTTTTTTTTTTTTTTTBTTTTTTTTTTTTTTTTTBTTTBTTBBTTBTTBTBBBBBTBBBBBTTBBBBBBBBBBBTTBTBTBBTBTTTBTTTTTTTTTBTTTBTBTTTTBBTTTTTTTT,0
271,TTTTTTTTTTTTTTTTTTTTTTTTTTTTTTTTTTTTTTTTTTTTTTBBBTBBBBBBTBBTTTTTBBBBBBBBBBBBBBBBBTBBBBBBBTBTBTBBBBBBBBBTTBTBTBTBTBTTTBTTTTBTTTBTTBTTBTTTTTTBBTTTTTTTTT,0
272,TTTTTTTTTTTTTTTTTTTTTTTTTBTTBTBBBBTTBBTBTBBBBTBBTTBTBTBBBBBBBBBBBBBBBBBBBBTBBTTBTTBBTTBTTTTTBTBTTTBTBTBTTTTBTBTBBBTTTTTTTTTTTTTTTTTTTTTTTTTTT,0
273,TTTBTTBTTTTTBTBTBBBBTBBTTTTTTTTTBBTTTTTBTTTTBBBTTTTBBBBTBBBTTBTBBBTBTTTTTTTTBTTBBBTTBTTTBBTBTTTTT,0
274,TTTBBTTTTBTBTTBBTTBTBBTTBBBBTTTTTTTTTTTTTTTTTTTBTBTBTTBBTTTBTTTTTTTTTTTTTBTTBTBBTTTBTTTTTTT,0
275,TTTTTBBBTTTTBTTTTTBBBBBBBBBBTBBBBBBBBBTTBTBBBBTTTTBTTBTTBBBBTTTBBTTBBTTTTBTTBTTTTBBTTTTTBTTTTTT,0
276,BBBTBTTTTTTTTBTBBBBBBBTTBBBBBTTBBTBBTBBTTBTBTTTBTTTTBTBBTTTTTBTBTTTTBBTTTTBTTBBTBBTBBBBTBTBTTTTTTTT,0
277,TTTTBTTTTTTTTTTTBTTTTBBTTBTTBTTTBTBTBTTBTTTTTTTTTTTTTTBTTTTTTTTTTTTTTBBTTBBTTTTT,0
278,TBBBBTTTTBBBTBTTTBTTBBTTBBBBTTBTBBBBBBBTTBBBTTTTBBTTTTBTTTBTTTBTTTTTTTTTTTBTBTTBTBTTTT,0
279,BTBBTBBBTBTTTTTTBBBBTTBTBBBBBBTBTTBBBBBBTBBTTBBBBBTTBBBBTBTTBTTBTTTTBTTTTTTTTTTBBTBBTBBTTBBTTT,0
280,TTBTTTBTTTTBTTBTTBTTBTBBTBBTTTTTTTTTBTTTTTTTTTBTTTTTTTTTTTTTBTTBTBTTTBBTTTTTBTTTTTBTBBTT,0
281,BTTTTTTTTTTTBTTBTTBTTTBBBTTBTTTTTBBTTTTTTTTTTTTTTTTTTTTTTTTTTTBTBTTTTTTBTTTBTTBTTTBTBTTBBBTTTTTBTTBBB,0
282,BTTBBTTTTTTTTTTBTTTTBBBTBBBTTBBTBTBBTBBBTTBTTBTTBTTTTTTTBTTTTTTTTTTTTBTTTTTTTBBTTTBTTTTTTBBBTTTBBBTTBTTBBTTBTTBBT,0
283,BBBBBBTTBTTTTTTTBTBTTBBTBBBBBTTBBTBBTBBBBTBTTBTTBBBTTBTBTTTTTTTTTTTTTTTTTTTTTBTTTTTTTTTTTTBTTTTTBTTTTBTTTTB,0
284,TTTTTTTTBTTTBBTBBBTTTBBTTBTBBTBBTTBTTTBBTTTTBBTTTTTTTTTTTTTTTTTTBTTBTTTTBTTTTTBBTTTTTBTBTBTTTBTTBT,0
285,TTTTTTTTTTTTTTTBTBTBBTTBBBTBTBTTBTTTTTTTTTTTTTTTTTTTTTTTTTTTTBTBBTTBTTTTTBBBBBTTTBBBBBTTBTTBTBTBTTTBBTTTTTBTTBB,0
286,TTTTTTTTTTTTTBTBTBTTBTTBTTTTTTTBBBTTTTBTTTTTTTTTTTTTTTTTTTTTTBBTBTBTTTBTTTTBTTTBBTBTBBTTBBTTBTTTTTTTTTTTT,0
287,TTTTTTTTTTTTTTTBTBBBTBTBTBTTBTTTTTBBTTTBTTTTTTTTTTTTTTTTTTTTBTTBBBTTBBTBBTBBTTBBTBTTTTTBTTBTBTTTBTT,0
288,TBBTTBTTTTTTTTTTTTTTTTTTTBBBTBBBBBTBTTTBBBBTTBTBBTTTBTTBTTTTTTTTTTTTTTBBTTTTTTTTTTTTBTBBTTTBTTTTTBBTBTBBTBTTBBBTTBBBBTTTBTTTBTBBBTTTTBBBTTBTTTT,0
289,TTTTTTTTTBTTTBTTTTBTBBTTTBBTBBBTTTTBTTTTTTTTTTTBBBTTBBBBBBBBBTTBBTTBTTTTBBBBBBTTBBBTTTTTTTBBBTBBBBTBTTTTBBTBBBBBBBBBBTTBT,0
290,TTTBTTTTBTTBBBBTTTBTBTTTTBBTTTTTTBTBBTTBBBTBBBTBBBTBTBBTTBBBBBTBBBBBBBTTTTTBBBBTBBBBBBBBTTTTBTTBBBTBBBBTBBBTBTBBTBBBBBTTTTBBBTBTBBBBBBBBBBBTBBBTTTBBBBTT,0
291,TTTTTTTTTBBTBBBBBTTBTTBBBTTTTBBBTTTBBTTTTBBBTTBTBBBTBTBTBTBBTBBBBBBTTTBTBBBBBBBBBBBBTTTTBTBBBTB,0
292,TTBTTTTBTBBBBBTTTBTBBTTTTBBBTTTTTTTBBBTBTTTBTTTBTTTBTTBBBBTTTBTTTBTBTBBBBBBTBTBBTBTBBBTTTBBTTTBBTTTTTBBTTTBTTTTTBBBTTTBTBBTTTT,0
293,TTTBTTTTBTBTTTBBBTBTBBTTTTTBBTBBBBBBTTTTTTBBBBTTTBBBTBTBBBBTBBBTBBBBBTTTBBTBBBBBBTBTTTTTBTTBBTTTTTBBTTTBTTTBTBTBTBTBBTTB,0
294,TTTTTTTTBTTTTTTTBBBBBBBTBTBBBTTTBTBTBBBTTBTTTTBBTTBBBBTTBTTBBTTTBTBBTTTBBBBTBTBBBBTBTBBTTTBTBTTTBBBBBTTBBTBBTBTBTTTTTT,0
295,TBTTBTBBTTBBBBBTTTBTBBBTBBTTBBTBBBBBTTTBTBTTTBBBBTTBTTTTBTTBBTBBTBBBBBBBBTBTBBBTTTBTBTBBBBTBTTBBBBBTTBTBBBTTBBBBBBBBBBTBBTBTBBBTBBBTTTTTBTTTT,0
296,TTTTTBBTTTBBBBBTBTTTBTBBBBTBTTBBTTBBTTTTBBTTBBTBBTTTBBTTTBBBTBBBBBBBBBBBBBTBBTBBBBBTBBBTBTTBBBBBBTBBBBBBTBBBBBBBBTBBBBBBBBTTBB,0
297,TTTTTTTBTTTTTTTTBBTTBTTBBTBTTTTTTTTTTTTTTTTTTTTBBBBTBTBBBTTTBTBTTBTBBBTTTBTBBBBBBBTBBTBBTTTTBTTTBTTTBTBBBTTTTTTT,0
298,TTTTTTTBTTBTTTTTTBTBBBTBTBBTBTTTTTTBBTTTTTTTTTTTTTTTTTTTTTT,0
299,TTTTTTTBTTTTTTBTTTBTTTTBTTTTTTTTTTTTTTTTBTTTTTBTBBTTTBBTBBBBTBBTTBBBTTTTBBBTBTBBTTTTTTBBBTBBTTTTTTTB,0
300,TTTTTTTTTBTTTTBTBBTBTBTTTBTBTTBBTTTTBTTBTTTBBTTBBTTTTTTBBTTTBTTBBTTBBBTTTTBTTTBBTBTBBBTTTTBBBBBTBBBBBBBBBTTTBTBBTTBBBTTTTBTBTTTTBTT,0
301,TTTTTTTTTTTTBTBBTTBBTTTBTBTTTBTBTTTBTBBTTTTTTBBTTTTBTBTBTTTBTTTBTBBBTTBTBBTBTBBTTBT,0
302,TTTTTTTTTTTTBBTTTBTTTTTTBTTTTBBTTTTBTBBTBTTTTTTTTBBBBTTBTBBBTBTBTTTBBBBBTBBBTBBBBTTBTBBBTBBTBTTTT,0
303,TBBBTTTTBTTTTTBTBBTTBBBBTBBBBBBTBTTBTTBTTTBBBTTBTBBTBTBTTTBBBTTBBTBTTBTTBBBTTBBBBBBBTBBTTTBTTBTTT,0
304,TTTTTTTTTTBTTTTTTTTTTTTTTTTTBTTTTTBTTBTTBTTBTBTTTBTBTTTTBTTBTBBTBBTBBTBBTTBTBBTBBBBTTTBBBBBBBBTBBBBBBBBBBBTBTBBTBTBTBTBT,0
305,TTTTTTTTTTTBTTTTTTBTTTBTTBTTTTTTBBTTTBTTTBTTTTTTBBBTBBBTBBBBBBTBBTBBTBBTTBTTBTTTTTBBTTTTTTTTTTTTTTTTTTBTTBTTTTBBBTBBBBBTTBTBBTBT,0
306,TTTTTTTBTTTTTTTBTTTBTTTTTTTTTTTTTTTTTTTBBTTTTBBBTTTBBBBBTTBTBTTTTTTTTTTTTTBBTTBBTTTTTTTTTTBBBBTBBTBBTTBBBBTTBBBTBBTT,0
307,TTTTTTTTTTTTTBTTTTBTTTTTTTTTTTTTTTBTTTTTBBTBTTTBTBTTTBTTBTTBTTTTTTTTTTTTTTTTBT,0
308,TTTTTTTTTTTTTBBTTTTBTTTTTTTTTTTTTTTTTTTTBTTTTTTTTTBTBBTTTTTBTBBTTTTBBTBBTTTBBTBTTTBBTTBTTTTTTBTTTTTTTTTTTTTTTTTTTTBBTBBB,0
309,TTTTTTTTTTTTTTTTTTBTTTTTTBTTTBTTTBTTTTTTTTTTTTTTTTBTTBBTTTTTBTTTTBTTTTTTBTBBTTTBTTTTTTTTTTTTTTTTTTTTTTTTTTTTT,0
310,TTTTBTTTTBTTTBTTTTTTTTTTTTTTTTTBTTBTTTTBTBTBBBTBTTBBTBTBBTBBTTBBTTTTTTBTBTTTBTBBBBTTTTTTTTTTTTTTTTTTTTBBTTTTTTTTBBTTTTBBT,0
311,TTTTTTTTTTBTTTTTBTTTTBTTTBBTBTBTBBBBBTTTTTTTBTBTTTTTTBBBBTTTBTBBBTBTTBBBBBTBBBTTBTBBBBBTTTBTTBBBBBBBBBBBBBBBBBBTTTBBBBTBBTBBBBTTBBTBTBTBBTTTTTBTTTTTTBTTTBTTTBTBBTTTTBTBTTTTBBBBTTBBTBBTBBTBBBTTTTBB,0
312,TTTTTTTTTTTTTTTTTBTTTTTTTTTTBTBTTBTTTTTTTTTTTTTTTTTTTTTTTBTTTTBTTBTTTTBTTTBTTTTTBTTTTTT,0
313,TTTTTTTTTTTTTTTTBTTTTTTTTTTTTTBBBTTTTTBBTBTBTTTTTTTTTTTTTTTTTTTTTTTTTTTTTTTTTTTTTTTTTTTTTTT,0
314,TTTTTTTTTTTTTTTTBTTTTTTTTTTTTTTBTBBTTTTTTTTTTTTTTTTTTTTTTTTTTTTTTTTTTTTTT,0
315,TTTTTTTTTBTTTBTTTTTBBTTTTTTTBBBTBTTBBTTTBTBTTTTTTTTTTTTTTTTTTTTTTTBTTTTTTTBTTTTTTTTTTTTTTBTTTBTBBTTTTTTBTTT,0
316,TTTTTTTTTBBTTTTTTTTTTTBTTTTBTTTTTTBTBTBTBTTTBTTTTTTTTTTTBBTTBTTTTTTTTTTBBBTBBTBTBBBBBBBTTBBTTTBTTTTTTTTBTTTTTTT,0
317,TTTTTTTTTTTTTTTTTTTTTTTTTTTTTTTTTTTBTTTTTTTTTTTTTTTTTTTTBTBTBTTTTTTTBTTTTTTTTTTTTTTTBBBBBTTTTTTTTT,0
318,TTTTTTTTTTTTTTTTTTTTTTBTTTTTBTTTTTTTTTTBTTTBTTTTTTTTTTTTTTTTTTTTTTTTTTTTTTTTTTTTTTT,0
319,TTTTTTTTTTTTTTTBTTBTTTTTBTTTTBBBTBBTTTTTTTBBBBTBTBTTTTTBBTTBBTTTTTTTBTTBTTTTTTTTTTTTTTTTTTTTTTTTTTTTTTBTBTTTTTT,0
320,TTTTTTTTBTTTTBTTTTTTTBTBTTTTTTTTTTBBTTBTTTTBTBBTTTTTTTTTTTTTTTTTTTTTTTTTBTTTTTTTBTTBTBTB,0
321,TTTTTTTTTTTTBBTTBTBTBTBBTTBTTTTBTTTTBTTTTTTTTBTBTTTTTTTTTTTTTTTBTTBBTBTTBBBBBBBTTBBTTBTTBBTBBTTTTTTTTTTTT,0
322,TTTTTTTTTTTTBTTTTBBTTTTBTBBBBBTTBTTTBTTTBTBTBTBBBBBBBBTTTBBTTTTTTTBTTBTTTTTTTTTTTTTTTTTTTTTTTBBTTTTTTTT,0
323,TTTTTTTBTTBBBTTTBBTBTTTBBTTBTBTTBBBBBBBTTTBBTTTTTBTTTTTTTTTTTTTTTTTTTTTTTTTBTTTBTTTTTTTT,0
324,TTTTTTBTTTBTTTTBTTTTTTTTBBTTTBTTTBTTBTTBBBTTTBBBTBTBTTTTTBTTBTTTTTTTTTTTTTTTTTTTTTTTBTBTTTTTTTTT,0
325,TTBBTTBBTTTTBTTBTTTBTTBBTTBTTBTBBBBBBTTBBBTBBBBBBTTBBBTTBBBBBTTTTTTTBBTTTBTBTTTTBBBBBTTBBTTBTTTBTTBBTBBBBTTTTTTBTBBBTBBBTTBTTBTBBTTBTTTTTTTTTTTTT,0
326,TTTBTTBTTBTTTTTBBTBTTTTTBBTBBTTBTTTBTTBTBTTTBBTTTTTTTBTTTTTTTTTTTTTTTTTBBTTTTTTTBTBBTBTTTTTTTTTTTTTTTT,0
327,TTTTTTTTBTTBTBTBTBTTBTTTBTTTTTTTBTTBTTTTTBTBTTBBBBBBBBBBTBBBTBBBBBBBTTTBBBTBBBTBBTBTTTTTTTTBBTTTTTTTTTTTTTTTTTTTTTTTBT,0
328,TTTTTTBBBTTBBBBTTBTBTBTTTBTBBTTBBBBTTBTTBBTTBTBBBBTTTBBTTTBBBTTTTTTTBTTBTTTTTTTTTTTTTTTTTTTTTBTTB,0
329,TTTTTTTTTTTTTTTTBBTTBTTTBTTTBTBBTTTTTBTBBTTTTTTTTBTTBTBTTTTTTTBTTTTBBTTTTTTTBTTTBTTBBBBBTTTBBBBBTBTBBB,0
330,TTTTTTBTTTTBBBTBTBBTTBBTTTTBBTTTBTBTTBBTBTTTTTBBBBBTTTTTTTTTBTTBBTTTBTTBTBTTBBBBTTBTTBBBBBBTBBBBBBBBBBBBBTTBBTBBBBBB,0
331,TTTTTTBBTBTBTTBBTTTBTTBTBTBTTBTTBTTTTTTTBTTTTTTTTTTBTTTTTTTBBTTTTTTTTTTBBBTBTTBBTBBTTBTBBBTTTTT,0
332,TTTTTTTTTTTTTTTTTTTBTBTTBTBBBTBTBTTBTBTBBTBTTBTBTTBTTBTTTTTBBTBBBTBTBTTTBTTTTTTTTTTTTTBBBBT,0
333,TTTTTBTTTTTBBTBTBBBTTTTBTTTBTBBBTTTTTTTTTTTTTTTTTTTTBTTTTTTBTTTTTBBBTBTBBBBBBBTBTBBBTTBBB,0
334,TTTTTTTTTTBTBTTBBTTTTBTBTTBTTBTBBTTTBBBTTTTTTTTTTTTTTTTBTBTTTTTTTTTTTTBBBTBTTTTTTTBTTBTTBTT,0
335,TTTBBTTBTTTTTTBTBTTBBBTBBBTBTBTTBTTBTBTBTTTTTBTBTTTBTTTBTTTTTBBBBTBBTTTBTB,0
336,TBTBTTTBTBTTTTBTBBBTBTTBBBBTBTBTBBTTTBBBTTBTTTTBBBTTBTBTTTBTTBBBBTTTBBBBBBBBBBTBBBBTBTBBBBBBBBBTBTBBBBBBBTBTTBTBTTTTTTBBTBBBTTBTTBBTBBBBTBBBBTBB,0
337,BBBTBBTBBBTTBBBTBBBBBBTBBBBBBBTBBBBBBTBBBBBTBBTBBBBTBTTBTBBBBBBBBBBBTBTBBTBBBBTBBBBTBBBBBBTBBBBBBBBTBTBBBBBBBBBTBBBBBTTBBTBBBBBTBBBTBBBBTBTTTBBBBBBBBBBTBTBBTB,0
338,BTBBBTBBBBBBBBBBBBTBBBBBBBBBBBBBTTTBBBBTBBBBBBBBBBBTBBBBBBBBBBBBBBTBBBTBBBTTBBBTBTTBTTTB,0
339,TBTTTTTTBTBTTBTBTBTBBTBBTBBBBBBBBTBBBBBBBBBBBBBTBBBBBTBTBBBTTBBBBTBBBTTBBTBBBBBBBTTBBBBTTBBBTTTBTBBBBTBBBBB,0
340,TTTBTTBBTBTBBBBTTBBBBTBTBBBBBBBBTBBBBBBBTTTBBBBBBBBBBBBTBBBBBBBBBBTBBBBBBBTBTBBBBTTBBBBTTTBBBTBBBBTTBBBTBTBTBBBBTBBBB,0
341,TBTTTTTTTTBTBTTTBTBBBBBBBTBBBBBBBBBBBTBBBBBBBBBBBBTBBBBBBBTBBBBTBTBTBTBBBBBTBBTBBTTBTTBBTBBBBBBTBBBBBBBBTBBBBB,0
342,TTTTTBBBTTBBTBBBBTTTTBTBTBTTBBBTBBBBBTBBBBBTBBBBBBBTBBBBTBBBBBTTBTBBTBBBTTTBBBBBTBBBBBTBBTTBBBBBBTBB,0
343,BTTTBTBBBBBTBBTTBBTBBBTTTTBBTTBBBBBBBBTBTBBBTBBTBBBBBBBTTBBTBBBBBTBBBBTTBBBBBTBBBBBTTTBBBBBBBBTTBBBBBBTBBBBBBBBBBBBBBBTBBBBTBBBBBBBBTBTTBB,0
344,TBTTTTTBBBTBTBBBBBBBBBBBBBBBBTBBBBTBBBBBBBBBBBTTBBBBTBBBBBBBTBTBBBBTBBTBTBBBTTBTBBBBBTBBBBBBBTBBBBBBBTBBBBBBBBBBTTB,0
345,BTTBBBTTBBBBBBBBBBBBBTBBBBBBBBBTBBBBBTBBBTTBBBBBBBBBBTTBBBBTBBBTBBBBBBBTBBTBBTBBTBBBBBBBBBBBBTBTTBTTBBBBBBBTBBBBBTTBBBBBTTBBBBBBBBBBBBBBBBBBBBBBBBBBTBBBBBBBTTBBTBBBBBTBBBBTBBBBBBBBBBBT,0
346,TTBBBTTTTBBBTBTTBBBTTTBBTBTBTBBBTTBBBBBBTTBTBBTBTBBBBBBTBBBBBBBBTTBTBTBBBBBBTBBBBBBBBBBT,0
347,TTTTTTTTTTTTTTTBBTBTBBBBBBBBBTBTTBBBBBBTTTBBTBBTBBTBTBTBBTBTBTBBBBBBBTBBBTBBBBBBTTBBBBBBBBBBBTBBBBBBTBBBBBBTBBTBBTBTTBBBBBBBBBBBTBTTBBBBBBBBB,0
348,TTTTTTTBTTTTTTTTTTBTTBTTBBBBBTTTTBBBTBBBTBBBBBBTTBBBBBTBTBTBTBTBBBBBBBBBBBTBBBTBBTBTBBBBBBBBBBBBBBBTTBBBBBBTBBBBBTTBBBBBBBBBTBT,0
349,TTBBTTTTBBBBTBTTBBBTTBTBTTBTTBBBBBTBBBTBTBBBBTBBTBBBBBBBTBBBBTBTTBBBBBBBBBBBTBBTBBTTBBTTTBBBBBTBTBBBTBBTBBBBTBBBBBBBBBBBBBBT,0
350,TTTTTTBTBBTBBTBBBBBBBBTBBBBTTBBBTTBBBBBBBBTBTBBTTBTTBBBBBBBBBTBBBBTBTTBBBBBBBBTBBBBBBBBTTBTTBTBTBTTBBBTBBBBBBB,0
351,BTTBTBBTTTBTTTBTBBBBBTTTBTTBBBBTTBTTTBBBBBBBBBBBTBTBBBBBBTBTBBTBBTBBBTBBBBBBBBBBBBBBBBBTBBBTBTTTBBBBBBBBBTBBBBBBBBTBBBBBBTBBBBBBBTB,0
352,TTTTTTTTTTTTTTBBBTTBBBBBBTBBTBBBBTBBBBBBBTTBTTBBTBTTBTBBBBBBTTBTBTBBBTTBTBBTBBBBTBBBBBBBBBBBB,0
353,TBTTBTTBBBBBBBBTBTTTTBBBTTTBTBTTBTBTBBBTBBTBTTTTTTTTTTBBTTBBBTBTTBBBTBBBBBTBBBBBBBBBBTBBBBBBTBBBBBBBBBTBBBBTBBTBBBTBTBTBBBTBTTBBBTBTBBTBBBTBBBTBBTBTBBTBBTBB,0
354,TTTTBTTBBTTBTBBTTTTTTTTTTTTTTBTTTTTBTTTBTBBBBTTBBBBBBBBBBTBBBBTTBBBBTBBBBBTBTBBTBBTBBTBBBTBTBBBBBBBBTBBBBBBBBBBBBBBBBBBTTBBBBBBBBBBBTTBTBTBTBBBTBBTTBTBTBT,0
355,TTTTTTTTTTTTTTTTTTBTTBBBBBBBTBBBBTBBBBBBTTBBBTBBBBBBBBBBTBTBBBBBBBBBBBBBBBTBBBBBBTBBBTBBTTBBBBBBBBTBBBTBBTTBBBBBTBBBTBTBBBBBBBBBBBBTBTBBBBBBBTBBBTBBBBBBBBBBBBBBBBBBBBBBBBBTBBBBBBTBBBBBBBBBBBBBBBBBBBBBBBBTBTBBBBBBBBBBBBBBBBBBBBBTBBBBBBBBBTBBBBBBBBBBBBBBTTTTTTTTTTTTT,0
356,TTTTTTTTTTTTTTTTTTTTTTTTTTTTTTBTBBTBBBBBTBTBBBBTTTBTTBBBTBBBBBTBBBBBBBBBBBBBBTBBBBBBTBTTBBBTBBBBBBBBBTTBBTTTBBBBBBBBBBBTBBBTBBTBBBBBBBBBBBBTBBBBBTBBBBBBBBBBBTBBTBBBBBBTBTBBBTBBBBBBBBBBBTBBBTBBBBBBBBBBBBTBBBBBBTBTBBBBBBBBBBTBTBBTTTTBBTTTTTTTTTTTTT,0
357,TTTTTTTTTTTTTTTTBTBBBTTBTBBBBBTBTTBBBTBBBBBTTTBTTBBBTBTTBBTTBBBBBTBBBBBBBBBBBBTBBTBBBBBBBBTBBBBBBBTBBBBBBBTBBBBBBBBBBBBTBBTBBBTBBBTBBBBBBBBBBBBBBBBBBBBBBBBBBBBBBBBTBBBBBTBBBBBBTBBBBBTBBBBBBBBBBBBBBBBBBTBBBBBBBBBBBBBBBBBTBBBTBBTBBBTBTBBBBTBTBBBBBBTBBBBBBBBBTTTTTTTTTT,0
358,TTBBBBTTBTTTBBBTBTBBBTBBBBBBTBBBBBTBBBBBBBTBBBBBBBBBBBBBBTBBBBBBBBBTTBBBBBTBBTBBBBBBBTBBBBBBBBBBBBBBBBBBBTBBBBTBBTBTBBBBTTBBBBBTBBTBBBTBTTBTTBBBTBBBBTTBBBBTBBBBBBBBBTBBBBBTTBBBBBBBBBBBTBBBTTBBTBBBBBBBBBBBTBBBBBBBTTBBBBBBBBBBBBBBBBBBBBBBTBBBBTTTBBBBBTBBTBBBBTBBBBTBBBBBBBBBBBBBBBTBBBBBBBB,0
359,TTTTTTTBTTTTBTTTTBBTBBBTBTBTBTBBBTBBBBTBTBTTTBBBBBBBBTBBBBBBBBBBBBBBTBBBBBTBBBTTTBTBBBTBBBBTBTTBTBBBBBBBBTBBBBBTBBBBTTBBBTBBBBBBBBBBBBBBBTBTBTTTBBBBTBTBBTBBBBBBBBBBBBBBBBBBBBBBTBBBBBBBBBBBBBBBBBBBBBBTBTTBBBBBBBBTBBBBBBBTBBTBBBBBBBBTTBTBBTBBBBBBBBBB,0
360,TTTTTTTTTTTTTTBTTTBTTTTTTBBBBBBTBTTBTTTTTTTTTTTTTTTTTTTTTTTBBTTBTBBBBBBBBBBTBTBTTBTTTTTTBBBBB,0
361,TTTTBBTTTTTTTTTTTBTBBTTTBBTTTBBBBTBBBBBBBBBBBBBBBTBBBBBBBBBTBBTBBTBTBBTBBBTTT,0
362,TTTTTBTTTTTTTTBTTTTTBBBBTTBBTTTBBBBBBBBBTBBBBBBTBBBBBBBBBBTBBBBBTTBBBBBBBBBBBBBBBBBBBBBBBBTBBBBBTBBBBTTBBBBBTBBBBBTBBBBT,0
363,TTTTBTBBBBBTTBBTBBTBTBBTBBTBBTBTTBBTBTBBBBBTBBBBBBBBBBBBBBBBBBTBTTBBBTBTBBBBBTBTBBBBBBBTBBTBBBBTBBBBBTBBBBBBBBBTBBTBBBBBBBBBBTBBBBBBBBBBBBBTBBBBBBTBBBBBBBBBBTBBTTTBTBBTTTTTBBTTTTT,0
364,TBTTTTTTTBBTBTBBBBBBTTBBBBBTBTBBBTTBTTBBBBBTBBBBBTBBBBBBBBTBTTTTBTBTBTBBBBBBBBTBBTBBTBTBBBBBBTBBBBBBBBBTBBBBBBBBBBBBBBBBBBBBTBBBBBBBBBTBBBTBBT,0
365,TTTTTBTTBTTTTTTTBTBTBTBTBBTBTBBTBBBTTTBBBBBBBBBBBBTTBBBBBBTBTBBBTTTBBBBTBBBBTBBBTBBBBBBBBBBBBBBBBBBBBBBBBBBBBBTBBBBBBTBTTBTTBBT,0
366,TTTTTTTTTTTBBBTTTTBBBBTTTBTTTBBTTBBTBBBBTTTBBBBBBTTTBTBTBBBBTBTBBBTTTTTBTBBTTBTBTBBBBBBTTBBBBBBBBBBBBBTBBBTBBBBTBBBBBBBBBBBBBBBTBBBBBBBBTBTBBTBBBBBBBTBBBTBBBBBBTB,0
367,TTTBTTTTTTBTTBTBBBBBBTBBTBTBBTBBTBBTTBBBBTBTBBBBTBBBBBBBTBBTTTTBTBBBBBBTBBBBBBBBBTBBBBBBTTBBBBBBBBBBBBBBBBTBBBBBBBBBBBBTBTTTBTBBBBBBBT,0
368,TTTTBTTTTTBBBTTBTBTBBTBBBBBTTBTBTTTBBTTBTTBBBBBBBBBBBBBBTBBBBBBBTTBBTBBTBTTBBBBBTBBBTBBBTBBTBTBBBBBBBTBBBBBBBBBBBBBBBBBBBBBTBTBBBBBBTTTTBTTTBT,0
369,TTTTTTTTTTTTBBBTTTBBTTTTBTTBBBTTTTTBBTTBTBTBTTTBTTTBBBTBTTBBBBBBBBBBBTBBBTBBBTTTBBTBBBBBBBBBBTBTTTTBBBTBBTBTBBBBTBBTBBTBTTTTTTBTTTTB,0
370,BTTTTBTTTTTTTTTTTTTTTTTBBBBTTTTBBBBTBBTBBTTBTTBTBTTTTBTTBTTTBTTTBTBTTTTTBTTTBBBTTTTT,0
371,TTTTTTTTTTTTTTBTTTBTBTTBBBTTBBBBTBBBTBBBBTBBBTTBBBBBBBBTBTBBBTTBBTTBBBBTTBBBBBBTTTBTTTBBBTBTBBBTTTTBBBTTTTBTTBTTTTTTTT,0
372,TTTBTTTTTTTTTBTTTTTTTTTBBBBBTBTTBBTTTTBTBTBTBTBBBTBBBTBBTBTTBTTBBBBBBTTTTTBTBBBTTTBTBBTBBBTTTBTTTTTBTTTTTTT,0
373,TTTTTTTTTBBBTTTTTBBBBBBBBBBBBBBTTBBBBBBBTBBBBTBBBBTBBTBBBBBBBBBTBBBBBBBBBBBBBBBTBBBBBBBBBBBBBBBBTBBBBBBBBBBBBBBTTTBTBBBBBBBTTBBBBBBTBTBBBTTBBBBBBBBTTTBTTBBTTTTTBBTBTBBTTTBTBBTTTBBTTTBBTTTTTTTTTT,0
374,TTTTTTTTTTTTTTTTBTBBBBBBBBBBBBBTBBBBBBBBBBBTBBBBTBBTBBBBTBBBTBTTBBBBBBBBBBBBBBBBTBBBBBBTBBBBBBBBBBBBBBBBBBBBBBBTBBBBBBTBBBBBBBBBBTBBBBTBBTBBBTBBBBTBBBBBBBBTTBBBBBTBBBBTTBBBBBTBBBBBTBTBTBBBTBTBBBBBBBTTBTBTTTBTTTBTTTTTTBBBTBBTTTTTBTTTT,0
375,TTTTTTTTBTTTTBBBBBTTBBBBTBBBBBBBBBBBTBBBBBBBBBBBBBBBBBBBBBTBBTBTTTTBBBBBBBTTBBBBBBBTBTBBBBBBBBBBBBBBBTTBBBTBBBTBBBBBBBBTTTBBBBBTBBTBTTBTBTBTBTBBBTTBBBBTTBBBTBTBTBBBTTTTTBBTTTB,0
376,TTTTTTTTTTTTTTTTTTTTTTTTTTTTTTTTTBTBTTTTTBBBBBBBBBTBTBTBBBBBBTTBBBTBBTTBTBBTBBBTTTTTBBTBBTTTBTTBTTTTTBTTTTTBTTT,0
377,TTTTTBTTBTTTTTTTTTTTBTTTTTTBTBTTTTTTTTTBBTBTTBTTTTTBBTBTBBBTBBBTBBTBTBTBBTBBBBBBBTBBTBBBBBBBBBTTBBBBTBTBBBTBBBBBBBBBBBBBBBBBBTB,0
378,TTTTTTTTTTTTTBBTTBTTTBTTTTTTTTTTBTTTTTTTTTTTTTTTTTTBBTTTTTBTTTTTTTTTTTTBTTBTBTTBBBBBBTBTTBBTBBTBBBBBBBBBBBBBBBBBBBBBBTTBTBBBBBBBBTTBTBBBBTBBBBTBBT,0
379,TTTTTTBTTTTBBBTBBTTBTTTTBTTTBTTBBTTTTTTTTTBTTTTTTTTTTTTTTTTBTTTTTTBBTTTBBBTBTTTTBTBBBTTTBTBBBTTBBTBBBBBTBBBTBBBTTBTBTTBTTBBBTBBBBBBBBBB,0
380,TTTTTTTTTTBBTTTTTTTTTTTTTTTTTTTTTTTTTTTTTTTTTTTTBBBBTTTTTBBBBTBBTTBBBBTBBBBBBBBBTBBBBTBBBBBBBBTTBBBTBBBBBBBBBBBBBBBBBBBTBBBBBBBBTBBBBBBBTBBTBBTTTTBBBTBBBBBBBBBTBBTBTBBBBTBTTBBBTTBBBBBBTBTTBBBBBTBBTTB,0
381,TTTTTTTTTTTTTTTTBTTBBBTTTBTTBBTTTTTBTTTTTTTTTTTTTTTTTTTTTTTTTTTTTBTBBTTTTTTTTTBBBTTBTTTBBTBTTTTTTBTBBBBTBTBTBTTTBTBBTBTTBBBBBBBBBBBBBBBBBBTTBTBBTBBBBBBBB,0
382,TTTTTTTTTBTTBTTTTTBTTTBBTTTTTTTTTTTTTTTTTTTTTTTTTTTBBBBTBBTBBBTBBTTBBTTBBBTTBBBBBTTTBBTTBBBBBBBBBBBBBTTBTTBBTBBBBBTBBTBTBBBBBBBBBTTBBBTBBBBTBBTBBBTBBBTBTBTBBBTBBBBBBTTBBBBBBBTT,0
383,TTTTTTTTTTTTTTTTTTTTTTTTTTBTTBTTTTTBTBBTTBBTBTBTBBTTBBBBBBBBTBBBBBBBTTBBBTTBTBBBBBBTBBBBBBBBBTBBTBBTBBBBBTBBBBBBBTTTBBTBTBBBBTBBTBBBBBBBBBBBBBBTBBBTTBTBTBBBBBBTTTBBBBBBBTBBBBTBTTBBBBBBTBBTBTT,0
384,TTTTTTTTTBTTTTTTBTTTTTTTTTTTTTTTTTTTTTTTTBTTTTTTTTTTTTTTTTTBTBTTTTTTTBBBBBTTTTBTTTTTBTTBBBBBBBTBBTBTBTBTTTTBBBTBTBBBBBTTBBTBBTBBBTTBTT,0
385,BTTTTTTTTTTTTTTTBBTTTTTTTTTTBTTTTTTTTTTTTTTTBTTTTBTBBBBBBBTTBTBBTBBBBBTTTTBBBBBBTTBBTBTBBTBBBBTBBBBBTTBBBBBTBBBBBBBBTTBTBTBBTBBBBBTBTBBTTTBTBBBBTTBBBBBBTBBBBBBTBBBBTBBBTBBTBBBBTBBB,0
386,TTTTTTTTTTTTTTTTTTTTTTTTTTBTBTBTTBTBTBBBBBTTTTBTBBTTTBBTBTBBBBBTBTBBBBTBBBBBTTTBBBBBBTBBBTTTBBBTBBBBBBBBBTBBBTTBBBBBBBTBBBTBBBBBBBBTBBBBBTBBTBBBBBBBBBTTTBTTTBBBBBBTBBTBTBTTTTBTBTBTTBTTTTTTTTT,0
387,TBTTTTTBTTTBTTTTTTTBTTTTTTBTTTTTBTTTTBTTTTTTTTTBBBTTBBTBBTBBTBBTTTBBBTBTBTBBBBBBBTBBTTBBBTTBBTBTBBBBBTBBBBBTBBBBBBTBBBBBTBBBBBBBBBBBBBBTTBTBTBTTBTBTTTBTBBBTTBBTBTBTTBTBBBTTBTBB,0
388,TBTTTTTTTTTTTBTTTBTTTTBTTTBTTBTTBTTTTBTTTTTTTTTBTBBBBTBTTBBBBBBBBBBBBTBBBBBTTTTTTBBBBBTBTBBBBTTBBBBTBBTBBBBBBTBTBBBBTBTTTBBBBBBBTBBBBBBBBBBTTBBBBTBBBBTTBTTBBBTBBTBBBBBBBBBBBBBBBBBBTBBBBBBBTTBTBBTBTBTBBBBTBBT,0
389,TBTTTTTTTTTTTTTTTTBTTTTTTBTBTTBBTTTBTBTBBTTTTTTTBBBBTBBBBBBTTBBBTTBBBBBTTTTBTBTBBBBTBBTBBTBBBBTBTBBBBBBBTTBTTBBBBBBBBBBTTBBBBBBBBTBBBBBBBBBTBBTTTBBBBBTBBBBBBBBBBTBBBBBBBTTBTTBBBBBTTB,0
390,TTTTTTTTTTTTBTBTTBTTTTTTTTBTBBBTTBBTBBBBTTTTBBBTTBTTBBBTBTBTTBBBBTBBBBTBBBBBBBBBBBBBTBTTTTBBBBBTBBTTBTBBBTBBBBBTBBBBBBBTBTBBBBTBBBBTTBBTBBBBTTTTTBBBBBBBBBBTBBBBTBBTTBBBBTBTTBTBTBTBTTTTBTTBBTBTTTBBTB,0
391,TTTTTBBTTTTTTTTTTTTTTBTTTTTTTTTTTTBTTTBTTTTTTTTTTTTBTTBTTTTBTBTTBBBTBBTTBBBBBTTTTBBBBBBTTBBBTBBTBBBTBBBBTBBBBBBBTBBBBBBTBTBBBBBTBBBBBTTBTBBTBBBBBBBBBBBBTBT,0
392,TTTTTTTTTTTTTTTTTTTTTTTTTBTTTBTTTTTBBTBBBBBBBBTBBTTBBBTTBTTBTBTBTBTTBBTBBBBBTTBTBBBBTBBBBBBBBBTBBBBTBBBBTBTBTTTTTBBBBTTBTBBBBBBBBTTBBTTBTBTBTBBBBBTTB,0
393,TTTTTTTTTTTTTTTT,1
394,TTTTTTTBBTTTTTTTTTTTTTTTTTTTTTBT,1
395,TTTTTTTTTBBBTTTTTTBTTBTTBTTTTBBBBBBBTBBTTTBBTBBTBBBTBBBBBTBBTBTBBBBBBBBTBTTBBBBBTBTTTBBBBBBTBBTTBBBBBBBBBBBBBBBBBTTBBBBBBBBBBBBBBTBBBBBTBTTTTBBBBBTTBBTBTBTTBBBBT,0
396,TTTTTTTTTTT,1
397,TTTTT,1
398,TTTTTTBTTTTTTTBTTTTBBBBBBBBBBBTBBBTTBBBBBBBTBBBBBBBBTBTBBBBBBBBBBTBBTBBBBBTTBTBBBTTBBBBBBTTBBBTBBBBBTTTTTTBTTBTTTTBBBBBBBBTBTBBBTBBTTTTBBTBTBBBT,0
399,TTTTTTTT,1
400,TTTTTTTTTBTTT,1
401,BBBBTTBTBBBBBTBBTBBBTBBBBBBBBTTBBBTBBTTTTB,1
402,TTTTTBTBBBBBBBBBTBBTBBTBBBTBTBTTBBTTBTBBBTBTBBBBBBBTBTBBBTTBTBBBBBBTTBBBBTBTBBBBBTBTTBBBBTBBTBTBBTBBBTBBTTBBBBBBTTBBBTBTTBBBBTTBBBBBTTBBBTTBBBBBBBBTBBBBTBTT,0
403,TTBBBBBTTTBTTTBBBBTBTBBBT,1
404,TBBTTBBBBBBTBTTBBBBBBTBTTBTTBBBBBBBTTBTTBBBBBBTBBBTTTBTBTTBTBBTBBTTBBTBBBBBTBBTBBBTBBBBBBBBBTBBBTBBTBBTBBBBTBTBBBTBBBBBBBBBBBBTBBBTBBBBBTTBTTBBBBBBTBBBBBBBBBTTBBBBBBBBTBBB,0
405,TTTTTTBTTTTBTBBTBTBBTBBTTTTTTBBTTTBTTBBBBTBBBBBTTTTBTBTBTBTBTTTTBBBTBTTTTBBBTTBTBTBBBTBBBBBTBBBBTBBBTBTBTBBTTBTBBTBTTTBTBBBBTBBBBTBBBBBTB,0
406,TBBBBBBBBTBBBBTT,1
407,TTBBTTBBBBTTBBBTBTBBBTBBBBTBBTBBBBTBTBBTBBTTTBTTBBTBBTBTBBBBBTBBTBBBBBBBTTBTBTBTBTBBTBBBBBBBBBBBTBBBBBBBBTBBBTTBTBBBTBBBTBBBBBTBBBBTTBBBBBTBBBBBBTTBBTTBBBBTTTTTBB,0
408,TTBTTTTBTTTBBBBTBBTTB,1
