1,Yulaiky,0
2,Osaro,0
3,Zizul,0
4,Sabse,0
5,Keta,0
6,Ezia,0
7,Fedel,0
8,Ralp,0
9,Ucia,0
10,Moreblessing,0
11,Mesfun,0
12,Ronilson,0
13,Kadyan,0
14,Youngcho,0
15,Kene,0
16,بريد,1
17,Geldy,0
18,Erestina,0
19,Docho,0
20,Gurveen,0
21,Sutopa,0
22,Keitumetse,0
23,Obet,0
24,J-Man,0
25,Rew,0
26,Lorayne,0
27,Dadja,0
28,Mileika,0
29,Bigone,0
30,Oblong,0
31,Pomade,0
32,Kimmoy,0
33,Siaw,0
34,Fonrose,0
35,Nazeera,0
36,Melodía,0
37,Ochy,0
38,Bhom,0
39,Keylia,0
40,Phani,0
41,Fareen,0
42,Tatiis,0
43,Jouseph,0
44,Bukta,0
45,Chamilson,0
46,Glau,0
47,Sigismondo,0
48,Wirawan,0
49,Lennaert,0
50,Cejas,0
51,Minte,0
52,Stah,0
53,예솔,1
54,Jš,1
55,Dhar,0
56,Yeimis,0
57,Csaby,0
58,Yeliz,0
59,Cumie,0
60,Maniak,0
61,Maliyah,0
62,Sumeda,0
63,Domicilia,0
64,Nallo,0
65,Kevork,0
66,Alixandro,0
67,Arjohn,0
68,Yamaguchi,0
69,Czovek,0
70,Meiyun,0
71,Jilie,0
72,Shintaro,0
73,Lenielyn,0
74,Lucad,0
75,Wardell,0
76,Luvv,0
77,Josbin,0
78,Jaika,0
79,Weena,0
80,Ashalee,0
81,Enrrike,0
82,Mayaah,0
83,Dejene,0
84,Balwinder,0
85,Heema,0
86,Yadriel,0
87,Chandramohan,0
88,Gjia,0
89,Shantu,0
90,روشنا,1
91,Montanna,0
92,Lineo,0
93,Samip,0
94,Bakht,0
95,Angelinah,0
96,Pore,0
97,Rômulo,0
98,Bridgetta,0
99,Ajosh,0
100,Fivos,0
101,Zhenzhou,0
102,Franqesk,0
103,Rsa,0
104,Pepp,0
105,Gudda,0
106,Arjanita,0
107,Crisel,0
108,Govor,0
109,Haukur,0
110,Mbella,0
111,Djy,0
112,Yanzhong,0
113,Зухра,0
114,Kapone,0
115,Lydin,0
116,Anna-Pia,0
117,Tanye,0
118,Arirang,0
119,الهذلي,1
120,Unbreakable,0
121,Donelly,0
122,Akolo,0
123,Keerat,0
124,Odimegwu,0
125,Iain-Peter,0
126,Morimi,0
127,Constandinos,0
128,America,0
129,Fidelio,0
130,Gislin,0
131,Ilxom,0
132,Kariana,0
133,Glenroy,0
134,Alorna,0
135,Dimdim,0
136,Souichi,0
137,Rodol,0
138,Flobert,0
139,Shantaye,0
140,Denesse,0
141,경근,1
142,Jorgealfredo,0
143,Mebune,0
144,Christianto,0
145,Cilvia,0
146,Burnette,0
147,Stano,0
148,Dariam,0
149,Clemen,0
150,Lwam,0
151,Oron,0
152,Aatif,0
153,Kamieka,0
154,Gaoyang,0
155,Lisbeika,0
156,Joannie,0
157,Obad,0
158,Ryoga,0
159,Khadeen,0
160,Liqin,0
161,Crusito,0
162,Betika,0
163,Shayquan,0
164,Sandrae,0
165,Quamruzzaman,0
166,Jennis,0
167,Hqd,0
168,Raash,0
169,Lioba,0
170,Kieli,0
171,Namu,0
172,Guaje,0
173,Triphose,0
174,Mundinho,0
175,Boqorka,0
176,Luchita,0
177,德裕,0
178,勝興,0
179,Rinah,0
180,Sepandar,0
181,Reginalda,0
182,Musse,0
183,Saula,0
184,Liliam,0
185,Kazira,0
186,Johnanthony,0
187,Raghwendra,0
188,Sapot,0
189,Minura,0
190,Weifang,0
191,Noxolo,0
192,Peekay,0
193,Miloslava,0
194,Terrii,0
195,Goso,0
196,Tirimisiyu,0
197,Fellix,0
198,Sheryle,0
199,Yamashita,0
200,Yuying,0
201,Majduleen,0
202,真也,0
203,Thalie,0
204,희윤,0
205,Falko,0
206,Youngjoon,0
207,Karunakar,0
208,Tegwyn,0
209,Dep,0
210,建秋,0
211,عوضية,1
212,Alibe,0
213,Bobbeth,0
214,Delba,0
215,Saldy,0
216,Freed,0
217,Zuz,0
218,Natsuki,0
219,Bengie,0
220,Shinelle,0
221,Messad,0
222,Merejildo,0
223,Edivane,0
224,Shabeen,0
225,Rocki,0
226,Wabo,0
227,Kaley,0
228,Giannantonio,0
229,Nicolette,0
230,Shamsia,0
231,Elaynne,0
232,Chelsee,0
233,Zapato,0
234,Nasier,0
235,Berthie,0
236,Aneica,0
237,Eliezar,0
238,Luwis,0
239,Osaru,0
240,Lucil,0
241,Shaji,0
242,Asad,0
243,대범,0
244,Rameau,0
245,Kimona,0
246,Milian,0
247,Rorose,0
248,رتيبه,1
249,Shester,0
250,Dimitriou,0
251,Suar,0
252,海伦,0
253,千帆,0
254,Lartey,0
255,Bidkar,0
256,Troye,0
257,Djolo,0
258,Tyyra,0
259,Huipeng,0
260,Eemeli,0
261,Werlin,0
262,Soili,0
263,Vlasi,0
264,Jüäń,0
265,Deysis,0
266,Nilka,0
267,Joshelin,0
268,Valquíria,0
269,Giyani,0
270,Ramtin,0
271,Kelly,0
272,Sebaas,0
273,浩晨,1
274,Evice,0
275,Lie,0
276,Aznil,0
277,Imamura,0
278,Ropero,0
279,Yohee,0
280,Barbel,0
281,Nefail,0
282,Deoro,0
283,Marsiella,0
284,Daiblo,0
285,Kairat,0
286,Erubiel,0
287,Melvie,0
288,Aprigio,0
289,Samaka,0
290,Knk,0
291,Jagpreet,0
292,Donavon,0
293,Bcs,1
294,Ludi,0
295,Orely,0
296,Naserddine,0
297,Akinboboye,0
298,Kaliy,0
299,Alexande,0
300,Iceice,0
301,Olivere,0
302,Junias,0
303,Baseer,0
304,العتيبي,1
305,Calabash,0
306,Josuedavid,0
307,Alexos,0
308,Lebien,0
309,Negawo,0
310,Petey,0
311,國榮,0
312,Caffee,0
313,Marikos,0
314,Psul,0
315,Belis,0
316,Donis,0
317,Myckael,0
318,الصلوي,1
319,Roelene,0
320,Mariian,0
321,Rgy,1
322,Tolya,0
323,Iosif,0
324,Evelyncita,0
325,Joanneke,0
326,Jackiie,0
327,Tosse,0
328,Taesoo,0
329,Ybbob,0
330,مجنن,1
331,Dukenson,0
332,Sunkari,0
333,복규,0
334,Orouba,0
335,Shuyang,0
336,Rayah,0
337,Polycarp,0
338,Rosyne,0
339,Jeydan,0
340,Elinord,0
341,Omes,0
342,Talei,0
343,Yanxing,0
344,Iridia,0
345,Eusebi,0
346,Birka,0
347,Tashona,0
348,Gioser,0
349,Anyo,0
350,Shellieann,0
351,Suwebat,0
352,Ilvis,0
353,Slimg,0
354,Goodas,0
355,Eunyoung,0
356,Simps,0
357,Golriz,0
358,Addobea,0
359,启凡,0
360,Valsaint,0
361,文翔,0
362,Irone,0
363,Xuehao,0
364,Chunya,0
365,Fuccin,0
366,Kleon,0
367,Abdelraouf,0
368,Naveh,0
369,Congrui,0
370,Ankaj,0
371,Winesh,0
372,Irita,0
373,Lionilda,0
374,Rakhima,0
375,Shoab,0
376,Istiaq,0
377,Sig,0
378,Bettito,0
379,Kadijatu,0
380,Eilanit,0
381,Arletth,0
382,Tehal,0
383,Ediard,0
384,Brada,0
385,Mjmj,0
386,Sokunthea,0
387,Rumeta,0
388,Tobiloba,0
389,智雄,1
390,Enei,0
391,Adelard,0
392,Joel,0
393,Mirnita,0
394,Maudilia,0
395,Taimour,0
396,Talay,0
397,Shaileshbhai,0
398,Zymer,0
399,Willisa,0
400,Jungie,0
401,Jimmy,0
402,Мухаббат,0
403,Nattali,0
404,Hildburg,0
405,Beezy,0
406,Vilmalie,0
407,Massourou,0
408,Jamaladdin,0
409,Jma,0
410,Camerina,0
411,Renooka,0
412,명지,0
413,Ann-Sofie,0
414,Nasrin,0
415,Paranthaman,0
416,Juanico,0
417,Arison,0
418,Jalool,0
419,Arava,0
420,Zhanetta,0
421,Rossignol,0
422,Raemy,0
423,Valciria,0
424,Bem,0
425,Некрасова,0
426,Bastou,0
427,Nonu,0
428,Fit,0
429,Jales,0
430,Osamudiamen,0
431,Inima,0
432,Trae,0
433,Lavrent,0
434,鎮宇,0
435,Muguette,0
436,Hfh,0
437,Cefora,0
438,Shuet,0
439,Herntz,0
440,Drmuhammad,0
441,Uiara,0
442,Maribelita,0
443,Geizi,0
444,Nedri,0
445,Furla,0
446,Berni,0
447,Jenniann,0
448,Jairao,0
449,Jibriel,0
450,Enzina,0
451,Muhona,0
452,שמרית,1
453,Aisleen,0
454,Nime,0
455,Grijesh,0
456,Bf,1
457,Heboo,0
458,Safoev,0
459,Marinela,0
460,Amerique,0
461,Jodha,0
462,Mikai,0
463,Asturias,0
464,الجلال,1
465,Мачо,0
466,Grm,0
467,Izay,0
468,Juanda,0
469,Zaya,0
470,Ozioma,0
471,Zaheir,0
472,Mazilda,0
473,Wayden,0
474,Стася,0
475,Amama,0
476,Fetty,0
477,Никулина,0
478,Galina,0
479,Nicara,0
480,Efstratios,0
481,Isabelli,0
482,Bonelli,0
483,Tommes,0
484,Nairita,0
485,Saladin,0
486,里佳,0
487,Naiana,0
488,Bh,1
489,Rays,0
490,Fankie,0
491,Віктор,0
492,Kesandra,0
493,Mosbeh,0
494,Amistad,0
495,Geanne,0
496,Annalu,0
497,Edmound,0
498,Neldi,0
499,Previn,0
500,Laperle,0
501,Jetona,0
502,Perlla,0
503,Tayyibah,0
504,Jerar,0
505,Itek,0
506,Ashadur,0
507,Norah,0
508,Tamotsu,0
509,Pingkan,0
510,Bagtyyar,0
511,Bayron,0
512,Bamai,0
513,Vinee,0
514,Arthie,0
515,Eranga,0
516,Mawule,0
517,Angi,0
518,Jitu,0
519,Branson,0
520,Bedrettin,0
521,Mamadu,0
522,Arūnas,0
523,Jaffet,0
524,Gilley,0
525,Alexious,0
526,Phelisha,0
527,Biomagnetismo,0
528,Mingi,0
529,Nitousha,0
530,Seong,0
531,Fatiu,0
532,Fersho,0
533,Stana,0
534,Avik,0
535,Akongnui,0
536,Gregorios,0
537,ניצן,1
538,Destiné,0
539,Calipso,0
540,Drunkn,0
541,Nivedita,0
542,Salhin,0
543,Göker,0
544,Memon,0
545,Ierotheos,0
546,Birender,0
547,Rolix,0
548,Hoài,0
549,Jeh,0
550,Hronn,0
551,ゆうこ,0
552,Mirvari,0
553,Metzli,0
554,Zhiyan,0
555,Dalyte,0
556,Yasunobu,0
557,Kankam,0
558,Jan-Ove,0
559,Miramar,0
560,Yanique,0
561,Helenn,0
562,Bety,0
563,Mingqi,0
564,Sudarsono,0
565,Mayson,0
566,Aoua,0
567,Alfoncina,0
568,Tephy,0
569,Lence,0
570,ਗੁਰਪ੍ਰੀਤ,0
571,Caros,0
572,אביטל,1
573,Bongisa,0
574,Jackye,0
575,Dase,0
576,Oyuki,0
577,Chaba,0
578,Porna,0
579,Evette,0
580,Manveen,0
581,Merky,0
582,Manoo,0
583,Mazzy,0
584,Nildita,0
585,Dennia,0
586,Premnath,0
587,Schmidt,0
588,Edesia,0
589,Bees,0
590,Imogen,0
591,Zoylita,0
592,Abaigh,0
593,Neval,0
594,Gaurav,0
595,Snips,0
596,Katay,0
597,Jarrid,0
598,Kazushiro,0
599,Yuliet,0
600,Keily,0
601,Ayanne,0
602,Milson,0
603,Kewei,0
604,Toryalai,0
605,Armante,0
606,Matthis,0
607,Ervan,0
608,Hayes,0
609,Kinyan,0
610,Benik,0
611,أستبرق,1
612,Giorgino,0
613,병문,0
614,Karngong,0
615,Giaa,0
616,Islania,0
617,Runsewe,0
618,Marlito,0
619,Jochan,0
620,Ararat,0
621,Rosbert,0
622,Anjely,0
623,Mellania,0
624,Kasinath,0
625,Vedra,0
626,Rbn,1
627,Vefi,0
628,Bhumit,0
629,Cyga,0
630,Goal,0
631,Jacquie,0
632,Jaquelyn,0
633,Jothy,0
634,Tedla,0
635,Safara,0
636,Sameika,0
637,Delber,0
638,Griseld,0
639,Louange,0
640,Reveriano,0
641,Pengyi,0
642,Yadielito,0
643,Wagdy,0
644,Houmani,0
645,Trishan,0
646,Dahan,0
647,Nasin,0
648,Adrenalin,0
649,Idgie,0
650,Araujo,0
651,Alton,0
652,Days,0
653,Evii,0
654,Gretchel,0
655,Kong,0
656,Raulito,0
657,Lokiyo,0
658,Mohammadhosein,0
659,Oreana,0
660,Tristiana,0
661,Fletes,0
662,خالديه,1
663,Marckenly,0
664,Deandro,0
665,Ariamna,0
666,Uthira,0
667,Autar,0
668,여산,0
669,현석,0
670,Katyy,0
671,Omale,0
672,Gmina,0
673,Yixiong,0
674,Ifetayo,0
675,Rauk,0
676,Nomonde,0
677,Benbrahim,0
678,Flaqita,0
679,Tomotoshi,0
680,Ancela,0
681,Subhransu,0
682,Bomo,0
683,Chedlet,0
684,Jarelys,0
685,اميدالله,1
686,Krisbell,0
687,Pricilia,0
688,Darshpreet,0
689,K-Ry,0
690,Lyon,0
691,Azeemah,0
692,Panta,0
693,은진,0
694,Lorn,0
695,Goitsemang,0
696,Suhaili,0
697,Orzu,0
698,Beva,0
699,Cariñito,0
700,Pourandokht,0
701,Rookie,0
702,Ivalu,0
703,Blueth,0
704,Jimmi,0
705,Kariss,0
706,Osma,0
707,Cresean,0
708,Bhavnaben,0
709,Farasat,0
710,Sadrine,0
711,Nsh,0
712,Hildy,0
713,Chox,0
714,Aylinn,0
715,Makau,0
716,Rishie,0
717,Courtnie,0
718,Redi,0
719,Dharmen,0
720,Seongtae,0
721,Josafa,0
722,Beza,0
723,Rosenberg,0
724,Kuon,0
725,Zuania,0
726,Costina,0
727,Vadic,0
728,ﹺﹺ,1
729,Monire,0
730,Asongwe,0
731,Erlend,0
732,Samkeliso,0
733,Leslii,0
734,Hederson,0
735,Octavius,0
736,Ajser,0
737,Tanush,0
738,Kerry,0
739,Wingming,0
740,Nadiatul,0
741,Puck,0
742,Hongyao,0
743,Steffy,0
744,Yosbany,0
745,Edion,0
746,Kolorowy,0
747,Off,0
748,Gadget,0
749,Jonatam,0
750,Livv,0
751,Sakurai,0
752,Hiede,0
753,Selda,0
754,Iiri,0
755,Nevia,0
756,Mubarick,0
757,Ninian,0
758,Aliisa,0
759,Ohana,0
760,Haonan,0
761,Carles,0
762,Ilobi,0
763,Anekie,0
764,Agendia,0
765,Illario,0
766,Eljun,0
767,Eriza,0
768,Nicolli,0
769,Guat,0
770,Sounita,0
771,Eraisa,0
772,Fizan,0
773,Babeth,0
774,Qinghai,0
775,Ronella,0
776,Hilma,0
777,Crystiane,0
778,Zenzi,0
779,Doriz,0
780,Derlin,0
781,پرستو,1
782,נטשה,1
783,Natiita,0
784,Mehal,0
785,Majla,0
786,Constancio,0
787,Pinkie,0
788,Alfonsia,0
789,Sabanah,0
790,Howida,0
791,Canario,0
792,Getaye,0
793,ابوالغيث,1
794,Chello,0
795,Neima,0
796,Haleluja,0
797,Tulluu,0
798,Akofa,0
799,Stacie,0
800,Joant,0
801,Neasha,0
802,Alessya,0
803,Deepal,0
804,Maksimiliano,0
805,Madelyne,0
806,Plamedi,0
807,Latara,0
808,Nivi,0
809,Publio,0
810,Gravel,0
811,Miga,0
812,مناصرة,1
813,Honner,0
814,Mayleen,0
815,Chuma,0
816,Seriah,0
817,Fop,0
818,Nildete,0
819,Annecia,0
820,Cachia,0
821,Matyuri,0
822,Lsidro,0
823,Melodee,0
824,Altar,0
825,Lydmila,0
826,Edrise,0
827,Jyot,0
828,Zahanara,0
829,Obaapapa,0
830,Hernàndez,0
831,依庭,0
832,Lupizz,0
833,Yeoj,0
834,Fasoro,0
835,Fernandaa,0
836,瑞芬,0
837,Mickenson,0
838,Scarr,0
839,Amit,0
840,Yosmeri,0
841,Adrea,0
842,Dolna,0
843,Fredys,0
844,Xiaoxia,0
845,Ming-Yu,0
846,Norimitsu,0
847,فشخ,1
848,Heo,0
849,Toinny,0
850,Sílvia,0
851,Ribai,0
852,Anibar,0
853,Dadde,0
854,Borgy,0
855,Ilsoo,0
856,Vikry,0
857,Adercio,0
858,Meeke,0
859,Ebelin,0
860,Keiven,0
861,Nithun,0
862,Louine,0
863,Jeiser,0
864,Etwin,0
865,Katito,0
866,Melesa,0
867,Josafath,0
868,Willas,0
869,Shatirah,0
870,Abdurrazag,0
871,Varant,0
872,Chaouki,0
873,Jinsoo,0
874,Илија,0
875,Farkas,0
876,Josiane,0
877,Aureli,0
878,اناواد,1
879,Captn,0
880,Nink,0
881,Domche,0
882,दिपक,1
883,Emelina,0
884,Rycho,0
885,Breonna,0
886,Juanjosé,0
887,Javelle,0
888,Sridhara,0
889,Dreamgirl,0
890,Kostadin,0
891,Lâm,0
892,Mois,0
893,Youssof,0
894,Gesille,0
895,Emiy,0
896,Vivían,0
897,Mylos,0
898,Kavyan,0
899,Lynwood,0
900,Youngdae,0
901,Simeona,0
902,Joseana,0
903,Yasemin,0
904,Lee-Or,0
905,Yasmiin,0
906,甜甜,0
907,Yilong,0
908,曉東,0
909,Dyanna,0
910,Leslian,0
911,Titilola,0
912,Gilana,0
913,Dionete,0
914,Nevjana,0
915,Yero,0
916,Laging,0
917,Kaunda,0
918,Dharyll,0
919,Sindha,0
920,Orea,0
921,Vionna,0
922,Alexssandra,0
923,Tamra,0
924,Calichin,0
925,Kristov,0
926,Rolado,0
927,Antoinet,0
928,Eloisio,0
929,Arija,0
930,Аня,0
931,Dolby,0
932,Reysa,0
933,Yiyu,0
934,Marcelene,0
935,Amarion,0
936,Norfariza,0
937,Yuchen,0
938,Rebira,0
939,Andronik,0
940,Roomi,0
941,Citron,0
942,Tarien,0
943,Spel,0
944,Faveur,0
945,Zirak,0
946,Sammuel,0
947,Argus,0
948,Таисия,0
949,Shandel,0
950,Put,0
951,幸美,0
952,Filder,0
953,Amalio,0
954,Moune,0
955,Botija,0
956,Diksi,0
957,Sharoo,0
958,Maileen,0
959,Ruplal,0
960,Ersiljo,0
961,Casimiro,0
962,Visual,0
963,Alick,0
964,Tsebaot,0
965,Pekun,0
966,Yamuna,0
967,Cadie,0
968,Akosia,0
969,Urara,0
970,Onez,0
971,Tadas,0
972,Mary-Lynn,0
973,Crane,0
974,Simic,0
975,Subhrajyoti,0
976,Dapper,0
977,Saidia,0
978,Parasuram,0
979,مهریه,1
980,Enele,0
981,Shime,0
982,Shown,0
983,Crytal,0
984,Dewin,0
985,Nikeh,0
986,Kaliya,0
987,Ghofar,0
988,Marie-Emmanuelle,0
989,Daakyehemaa,0
990,Aklesiya,0
991,Ayiwa,0
992,Marmour,0
993,Nganji,0
994,Marili,0
995,Bappaditya,0
996,Jignacio,0
997,Anzu,0
998,Faza,0
999,Daliani,0
1000,Kicco,0
1001,Axman,0
1002,Karomi,0
1003,Nekat,0
1004,Heinke,0
1005,Tiamaria,0
1006,Taikan,0
1007,Viorela,0
1008,Artadokht,0
1009,Filo,0
1010,Brevil,0
1011,Molya,0
1012,Hazvinei,0
1013,Diola,0
1014,Harshi,0
1015,Vitus,0
1016,Dariluz,0
1017,Zanni,0
1018,Saneta,0
1019,Anasteisha,0
1020,Roden,0
1021,Panque,0
1022,Khairiya,0
1023,Yurga,0
1024,Golenaz,0
1025,Anatoly,0
1026,Lemmi,0
1027,Giobany,0
1028,Janelly,0
1029,Urai,0
1030,Gã,0
1031,Hillsong,0
1032,Liivi,0
1033,Sigri,0
1034,Oleka,0
1035,Mrika,0
1036,Jiten,0
1037,Celerina,0
1038,Элдор,1
1039,Herbene,0
1040,Delencia,0
1041,Xero,0
1042,立雄,0
1043,Senai,0
1044,Dheeru,0
1045,Yazuri,0
1046,Yanno,0
1047,Gradely,0
1048,Stancho,0
1049,Carfoon,0
1050,Gutema,0
1051,Lisz,0
1052,Gerwen,0
1053,Steven,0
1054,Céline,0
1055,Zackariah,0
1056,Hoza,0
1057,Homeira,0
1058,Karmjeet,0
1059,Fawaaz,0
1060,Libe,0
1061,Elie,0
1062,Charry,0
1063,Ajoku,0
1064,Janah,0
1065,Aldeni,0
1066,Starki,0
1067,Mighel,0
1068,Mit,0
1069,Chiera,0
1070,Vigdís,0
1071,Mears,0
1072,Abolghasem,0
1073,אסנת,1
1074,Artoym,0
1075,Patia,0
1076,Telesa,0
1077,Domy,0
1078,Whiz,0
1079,Zanica,0
1080,Morma,0
1081,Štëf,0
1082,Tamzid,0
1083,Aybar,0
1084,Koly,0
1085,Nahya,0
1086,현화,0
1087,Gladyss,0
1088,Shanardo,0
1089,Delmain,0
1090,Dicker,0
1091,ファン,0
1092,Strong,0
1093,Carymar,0
1094,Yunshan,0
1095,Mauie,0
1096,Audir,0
1097,Lucelma,0
1098,Lilith,0
1099,Reghina,0
1100,Owumi,0
1101,Fursan,0
1102,Shawna-Lee,0
1103,Sheon,0
1104,Fowz,0
1105,茂森,0
1106,Hoe,0
1107,Akulina,0
1108,Aldrid,0
1109,Roeder,0
1110,Amuh,0
1111,Kowa,0
1112,Tor-Leif,0
1113,Olyn,0
1114,Vanam,0
1115,Torgbui,0
1116,Annemarije,0
1117,Clarabelle,0
1118,Rejana,0
1119,Fung,0
1120,Rugy,0
1121,Macela,0
1122,Sherdon,0
1123,Christinah,0
1124,Tamur,0
1125,Tuttu,0
1126,Ulber,0
1127,Suh,0
1128,Lashawna,0
1129,Hombre,0
1130,Pope,0
1131,Чимит,0
1132,Rodger,0
1133,Mampe,0
1134,Sorab,0
1135,Enu,0
1136,Temre,0
1137,Melonia,0
1138,Panduka,0
1139,Guay,0
1140,Dieego,0
1141,Norat,0
1142,Mahdad,0
1143,Nicholes,0
1144,Carl-David,0
1145,Yerlenis,0
1146,Gesh,0
1147,蘭英,0
1148,Yericka,0
1149,Ezekiel,0
1150,Pepinos,0
1151,현자,0
1152,Олександр,0
1153,Nowrin,0
1154,Moraes,0
1155,Lalas,0
1156,Thamanna,0
1157,Ruifeng,0
1158,Minsk,0
1159,Rominna,0
1160,Hamsafar,0
1161,Megmi,0
1162,Fiera,0
1163,Rajkishore,0
1164,Jhee,0
1165,Lasid,0
1166,Yohn,0
1167,Kyungsun,0
1168,Marcot,0
1169,Gulen,0
1170,Devaunie,0
1171,Enlace,0
1172,Edimilson,0
1173,Ayken,0
1174,Arabel,0
1175,Andrianela,0
1176,Zhensheng,0
1177,Miłosz,0
1178,Rosaleen,0
1179,Nakata,0
1180,Sedeg,0
1181,Davet,0
1182,Halimatou,0
1183,Tarana,0
1184,Mlindi,0
1185,Emeel,0
1186,Lazinho,0
1187,Beeleng,0
1188,Pantoja,0
1189,November,0
1190,Mev,0
1191,Mugan,0
1192,Chifai,0
1193,Sarumi,0
1194,Lệ,0
1195,Dalvinha,0
1196,Yuliyan,0
1197,Lirije,0
1198,Shifat,0
1199,Giannini,0
1200,שלמה,1
1201,Tanairí,0
1202,Izia,0
1203,Wahju,0
1204,Muugii,0
1205,Tuấn,0
1206,Leslly,0
1207,Liseta,0
1208,Classix,0
1209,Hanok,0
1210,Rodilson,0
1211,Nitya,0
1212,Pica,0
1213,Sedy,0
1214,Prestamos,0
1215,Maddam,0
1216,Narineh,0
1217,Anyika,0
1218,Deyri,0
1219,Raduane,0
1220,Tippu,0
1221,Teraza,0
1222,Gorg,0
1223,Arelia,0
1224,Christhoper,0
1225,Flademir,0
1226,Chinis,0
1227,Nirman,0
1228,Bester,0
1229,Dorelane,0
1230,Natiz,0
1231,Malo,0
1232,Solomiia,0
1233,Gambir,0
1234,Atabex,0
1235,Jean-Patrice,0
1236,文瑄,0
1237,Krishnamohan,0
1238,Alkesr,0
1239,Mhara,0
1240,弘治,0
1241,Stilianos,0
1242,Namariq,0
1243,Ramanlal,0
1244,Alok,0
1245,Em,0
1246,Darielle,0
1247,Ahmeng,0
1248,Soobok,0
1249,Ulka,0
1250,Bibba,0
1251,Mbalou,0
1252,Marcal,0
1253,Prijith,0
1254,Moyeni,0
1255,Zoric,0
1256,Aljae,0
1257,Nadina,0
1258,Margi,0
1259,Yoanne,0
1260,Johnnier,0
1261,용섭,0
1262,Florist,0
1263,Lisber,0
1264,Shokufe,0
1265,Hampton,0
1266,Thandwa,0
1267,Ohmar,0
1268,Jager,0
1269,Egisa,0
1270,如芬,0
1271,Ookeditse,0
1272,Ndubuisi,0
1273,Semih,0
1274,Mouine,0
1275,Howar,0
1276,Jupiter,0
1277,Soccorsa,0
1278,Akinyosoye,0
1279,Bothwell,0
1280,Davio,0
1281,Dzidula,0
1282,Ozhan,0
1283,Israela,0
1284,Jinchao,0
1285,Pura,0
1286,Yaridis,0
1287,Nikayla,0
1288,Clod,0
1289,Johnatan,0
1290,Mihaiela,0
1291,Jéss,0
1292,Jb,0
1293,Fateen,0
1294,Ayotola,0
1295,العموش,1
1296,Libano,0
1297,Jarmain,0
1298,Nipesh,0
1299,Nimra,0
1300,Ruobing,0
1301,Kirchi,0
1302,Nasera,0
1303,Khoi,0
1304,Shabaaz,0
1305,Robín,0
1306,Samilson,0
1307,Genaro,0
1308,Doreley,0
1309,Ohemah,0
1310,Stphen,0
1311,Emilia,0
1312,Mechu,0
1313,Britteny,0
1314,Zual,0
1315,Aliska,0
1316,Diya,0
1317,Kirillos,0
1318,Kaydiann,0
1319,Baku,0
1320,Bansilal,0
1321,Bodeguita,0
1322,Naallely,0
1323,Raheim,0
1324,Bersa,0
1325,Kimisha,0
1326,Artemisa,0
1327,Rosnah,0
1328,Sebrena,0
1329,Lucivaldo,0
1330,Useni,0
1331,Lenes,0
1332,Sandray,0
1333,Habtom,0
1334,Arine,0
1335,Norann,0
1336,Krag,0
1337,Uy,0
1338,Valdenir,0
1339,Derenik,0
1340,Нарина,0
1341,विक्रम,0
1342,Lenneth,0
1343,Luiggy,0
1344,Teodoro,0
1345,Hermogenes,0
1346,Mariyeh,0
1347,Claribelle,0
1348,Chudasama,0
1349,Evila,0
1350,Reichenbach,0
1351,Леонардо,0
1352,Rekik,0
1353,Arihanna,0
1354,Chibyke,0
1355,Hamidhamid,0
1356,Eisten,0
1357,Kantibhai,0
1358,Jirka,0
1359,Faddah,0
1360,Hebil,0
1361,Nteh,0
1362,Skebo,0
1363,מירב,1
1364,Zakeri,0
1365,Deac,0
1366,武俊,0
1367,Lumumba,0
1368,Yoyita,0
1369,Yadir,0
1370,Giuditta,0
1371,Yoandry,0
1372,Renato,0
1373,Adalmira,0
1374,준수,0
1375,인표,0
1376,Dattu,0
1377,Btihal,0
1378,Majidu,0
1379,Ion,0
1380,Etiennette,0
1381,Uesley,0
1382,Gavern,0
1383,Bles,0
1384,Clei,0
1385,Chaddy,0
1386,Jingpeng,0
1387,Kirste,0
1388,Chapulina,0
1389,Ezaat,0
1390,Ondrey,0
1391,Rage,0
1392,Qiana,0
1393,Namroud,0
1394,Luvie,0
1395,Asana,0
1396,Hecyor,0
1397,Elz,0
1398,Janinne,0
1399,순이,0
1400,Yurisa,0
1401,Walldemar,0
1402,Jaisel,0
1403,Cor,0
1404,Oyola,0
1405,Gummy,0
1406,Lluc,0
1407,Tashuma,0
1408,Regyna,0
1409,Filix,0
1410,June-Marie,0
1411,Aelish,0
1412,Oww,0
1413,Vinoba,0
1414,Aadarsh,0
1415,Russl,0
1416,Shaquana,0
1417,Youres,0
1418,Biemnet,0
1419,Mani,0
1420,Yuleth,0
1421,Flick,0
1422,Exavier,0
1423,Хилола,0
1424,Valerjan,0
1425,Tuffel,0
1426,Catrien,0
1427,圭一郎,0
1428,Lisong,0
1429,Ykb,0
1430,Maximas,0
1431,Gowon,0
1432,Treesa,0
1433,Anizah,0
1434,Crisa,0
1435,Bigga,0
1436,美沙紀,0
1437,Huaping,0
1438,Асем,0
1439,Mirland,0
1440,Dao,0
1441,たくみ,0
1442,Leclercq,0
1443,Matter,0
1444,Ngala,0
1445,Esterka,0
1446,Jherry,0
1447,Austa,0
1448,Shaharia,0
1449,Yueqing,0
1450,Rusho,0
1451,Chenxuan,0
1452,Wellynton,0
1453,Camylla,0
1454,Tanjima,0
1455,Yamna,0
1456,Daveth,0
1457,Pasz,0
1458,Tingyan,0
1459,Andresa,0
1460,Yanssel,0
1461,Bergen,0
1462,Harinder,0
1463,Buse,0
1464,Husnain,0
1465,Yasuhide,0
1466,Skage,0
1467,Nkeonye,0
1468,Mukonda,0
1469,Suljo,0
1470,Arcelie,0
1471,Nwaobasi,0
1472,Fazirah,0
1473,Laplage,0
1474,Chayane,0
1475,Ogala,0
1476,عہديہ,1
1477,Raen,0
1478,Maximilliano,0
1479,Magdalis,0
1480,Zaraki,0
1481,Girja,0
1482,은광,0
1483,Dj-Tony,0
1484,Younggi,0
1485,Arasi,0
1486,Vanus,0
1487,Wadler,0
1488,Dervilia,0
1489,Masia,0
1490,Davila,0
1491,Finders,0
1492,Ioakeim,0
1493,Glorii,0
1494,성자,0
1495,Abdulkerim,0
1496,Veenaye,0
1497,Ziona,0
1498,Kearan,0
1499,Xumeng,0
1500,Soodabe,0
1501,Shadee,0
1502,Lynn,0
1503,Sahadeva,0
1504,Yankey,0
1505,לוי,1
1506,Bubli,0
1507,Tuj,0
1508,Gulay,0
1509,Bode,0
1510,ミキ,0
1511,Rodjay,0
1512,Gaco,0
1513,Demo,0
1514,Janeet,0
1515,Deize,0
1516,Alazar,0
1517,Gillis,0
1518,Chotia,0
1519,Enis,0
1520,Omayda,0
1521,Att,0
1522,سبورتي,1
1523,Joycevette,0
1524,Zulman,0
1525,Davod,0
1526,Stay-C,0
1527,Carrey,0
1528,অনিন্দ্য,0
1529,Rosselyn,0
1530,İnanç,0
1531,Seungkeun,0
1532,一郎,0
1533,Selenys,0
1534,Nwogwugwu,0
1535,Duberley,0
1536,Akinyoola,0
1537,אני,1
1538,Críostóir,0
1539,Arnulf,0
1540,Diega,0
1541,Mackenzy,0
1542,Kiri,0
1543,Yochy,0
1544,Rachideh,0
1545,Jamian,0
1546,Engle,0
1547,Shakira,0
1548,Morrison,0
1549,광하,0
1550,Gaute,0
1551,Lulus,0
1552,Kween,0
1553,Maritere,0
1554,Kemp,0
1555,Sepp,0
1556,Aegean,0
1557,Tahseena,0
1558,Caius,0
1559,Jorby,0
1560,Dennan,0
1561,Yamakawa,0
1562,Krisy,0
1563,Sedan,0
1564,Ой,0
1565,Daneishalys,0
1566,Rugie,0
1567,Kalavathi,0
1568,Maazou,0
1569,Trafford,0
1570,Aylín,0
1571,Bingbing,0
1572,Christen,0
1573,Smu,0
1574,Syahir,0
1575,Evelyne,0
1576,이숙,0
1577,Chinyeaka,0
1578,Kikelomo,0
1579,Beat,0
1580,Fanney,0
1581,Gabil,0
1582,Fbs,0
1583,Vishwanatha,0
1584,Mederick,0
1585,Динка,0
1586,Deann,0
1587,Thanhnga,0
1588,Abdulrasaq,0
1589,Beneta,0
1590,Timotej,0
1591,Imanuel,0
1592,Samux,0
1593,Lij,0
1594,Olamigoke,0
1595,Modia,0
1596,Heins,0
1597,ارمغان,1
1598,Ranil,0
1599,Lande,0
1600,Yubiza,0
1601,Sunvir,0
1602,Jandir,0
1603,Charlotta,0
1604,Chia-Fang,0
1605,Pse,0
1606,Venkatesham,0
1607,Soulat,0
1608,Mariamparo,0
1609,Salima,0
1610,Neezam,0
1611,Ayaga,0
1612,Dni,0
1613,Felipedejesus,0
1614,Tullo,0
1615,Armineh,0
1616,Lennart,0
1617,Danrley,0
1618,Mecias,0
1619,Obiamaka,0
1620,Allanur,0
1621,Belton,0
1622,Rajireddy,0
1623,Ofon,0
1624,Jordanlee,0
1625,Hoori,0
1626,Velida,0
1627,Emaly,0
1628,Galini,0
1629,Evane,0
1630,Malette,0
1631,Rosybel,0
1632,Reali,0
1633,Xuyến,0
1634,Schoolboy,0
1635,Tejashri,0
1636,Carrington,0
1637,صدیقی,1
1638,Marianieves,0
1639,Biyu,0
1640,Thiyagarajan,0
1641,Manyi,0
1642,Devian,0
1643,Ела,0
1644,Ppedro,0
1645,Siuin,0
1646,Mitsutoshi,0
1647,Papillo,0
1648,Kingsun,0
1649,Roibeard,0
1650,Suminto,0
1651,Rabiga,0
1652,Orls,0
1653,Afy,0
1654,Afolalu,0
1655,Caree,0
1656,Tavo,0
1657,Listiana,0
1658,Yalibeth,0
1659,Justiniano,0
1660,Yoselinda,0
1661,Teressa,0
1662,Herder,0
1663,Keity,0
1664,Tajammul,0
1665,Mariajulia,0
1666,علاؤي,1
1667,Latti,0
1668,Taraz,0
1669,Shelline,0
1670,Abl,0
1671,Kingslee,0
1672,Tolkin,0
1673,Rro,0
1674,Lornet,0
1675,Weslem,0
1676,Overlord,0
1677,هدوى,1
1678,Amesha,0
1679,Rosmey,0
1680,학천,0
1681,Kinchung,0
1682,Jazelle,0
1683,Xiaoya,0
1684,Mevrick,0
1685,Dahoo,0
1686,Shoshana,0
1687,Awani,0
1688,دری,1
1689,Jarolina,0
1690,Josien,0
1691,Omika,0
1692,Funs,0
1693,כוכבי,1
1694,Edmi,0
1695,Herminzul,0
1696,Gorb,0
1697,Ytel,0
1698,Vah,0
1699,Askaa,0
1700,Gladou,0
1701,Francie,0
1702,Zexin,0
1703,Kipo,0
1704,Joles,0
1705,Lisca,0
1706,Sagidulla,0
1707,Zishaan,0
1708,Tronco,0
1709,Nobe,0
1710,Dauri,0
1711,Edwardo,0
1712,Duwain,0
1713,Fundi,0
1714,Ibtisaam,0
1715,Яша,0
1716,Weyni,0
1717,Misrael,0
1718,Shashidhar,0
1719,Jesseka,0
1720,Igho,0
1721,Lnoosh,0
1722,Fajal,0
1723,Birjilio,0
1724,Jenda,0
1725,Mariposita,0
1726,Stevie,0
1727,Vikin,0
1728,Sesh,0
1729,Eadaoin,0
1730,Jack-Ryan,0
1731,Coi,0
1732,Venkateswarlu,0
1733,Shkoder,0
1734,Jarde,0
1735,병수,0
1736,Dwijesh,0
1737,あみ,0
1738,Mingu,0
1739,Haraldo,0
1740,Bakulya,0
1741,Theodros,0
1742,Gun-Britt,0
1743,Aschenaki,0
1744,Gify,0
1745,Rodelmiro,0
1746,Rivelino,0
1747,Leocir,0
1748,Ezzaddin,0
1749,Hasinur,0
1750,宣妤,0
1751,Håkon,0
1752,Tengis,0
1753,Mayabe,0
1754,Laboheme,0
1755,Funmilade,0
1756,Nimatou,0
1757,Thorpe,0
1758,Yanning,0
1759,Niyonteze,0
1760,Pineda,0
1761,Olaomo,0
1762,Vilmaa,0
1763,Sarha,0
1764,Damir,0
1765,Estir,0
1766,Gleris,0
1767,Bernise,0
1768,Kingo,0
1769,Reshika,0
1770,Трифонова,0
1771,Kinley,0
1772,Emina,0
1773,Halia,0
1774,Yanir,0
1775,Eufrazio,0
1776,Nyrma,0
1777,상천,0
1778,Singaravelan,0
1779,Vicencio,0
1780,Menhem,0
1781,Luciele,0
1782,Anar,0
1783,Brauli,0
1784,Merlande,0
1785,Zyliha,0
1786,우병,0
1787,Mirso,0
1788,Irik,0
1789,Xứ,0
1790,Ellý,0
1791,Janesse,0
1792,To-Ze,0
1793,Winton,0
1794,Emann,0
1795,Sahade,0
1796,Sanra,0
1797,Muke,0
1798,Dollar,0
1799,Shuli,0
1800,Boravy,0
1801,Nuhad,0
1802,Ketsy,0
1803,Ramit,0
1804,Manassé,0
1805,List,0
1806,Fabricia,0
1807,Dafer,0
1808,Marsana,0
1809,ضافر,1
1810,Wilvia,0
1811,Cabi,0
1812,Geremias,0
1813,আমিনা,0
1814,Shachaf,0
1815,Mersede,0
1816,Denine,0
1817,Gersan,0
1818,Cote,0
1819,Honie,0
1820,Silvester,0
1821,Leslene,0
1822,Zbynek,0
1823,Junping,0
1824,Dyfed,0
1825,博雄,0
1826,Jerryan,0
1827,Bautista,0
1828,Sebyl,0
1829,Ossiel,0
1830,Sebastiaan,0
1831,Joara,0
1832,Saitta,0
1833,Davilmar,0
1834,Eftihia,0
1835,Michelene,0
1836,Jarren,0
1837,Justysia,0
1838,Ember,0
1839,Joanella,0
1840,Joeniel,0
1841,Mirtita,0
1842,Kharla,0
1843,Gurmai,0
1844,Corrina,0
1845,Adeng,0
1846,Dolie,0
1847,Tavoy,0
1848,Magel,0
1849,Ania,0
1850,Vishnukumar,0
1851,Albuquerque,0
1852,Nurimar,0
1853,Arnoldito,0
1854,Merched,0
1855,Arani,0
1856,Melpo,0
1857,Herlin,0
1858,Callejas,0
1859,Harlee,0
1860,Andoh,0
1861,Bathsheba,0
1862,Chandrama,0
1863,Zoltan,0
1864,Tebbie,0
1865,충현,0
1866,Zamfira,0
1867,Aldosari,0
1868,Iliyar,0
1869,Donas,0
1870,Miry,0
1871,Monney,0
1872,Margariita,0
1873,Jonghwan,0
1874,אליה,1
1875,Maryella,0
1876,Kayro,0
1877,Ezequie,0
1878,Stanzy,0
1879,Melcris,0
1880,Shanoya,0
1881,Thatch,0
1882,Ajola,0
1883,Youdont,0
1884,Aliyor,0
1885,Mertol,0
1886,Mueed,0
1887,Suleyda,0
1888,Sagunthala,0
1889,Croce,0
1890,Jaseem,0
1891,Athlone,0
1892,Larou,0
1893,Marasa,0
1894,Elvison,0
1895,Bonani,0
1896,Thali,0
1897,Ashvina,0
1898,Sums,0
1899,Mradul,0
1900,Mattijs,0
1901,Woto,0
1902,Amuwa,0
1903,Gouled,0
1904,Kopal,0
1905,Amihan,0
1906,Margarete,0
1907,Yameli,0
1908,Polle,0
1909,Tapiceria,0
1910,נופר,1
1911,Much,0
1912,Estudio,0
1913,Aggelos,0
1914,Ledia,0
1915,Fredde,0
1916,Ym,0
1917,Syailendra,0
1918,Xiumin,0
1919,Delmyy,0
1920,Tabrez,0
1921,Tingfeng,0
1922,Benancio,0
1923,Golbarg,0
1924,Chukwuemeka,0
1925,Sulle,0
1926,Florenca,0
1927,Levs,0
1928,Makrand,0
1929,Núria,0
1930,Dogor,0
1931,Byungsung,0
1932,Nafi,0
1933,Taw,0
1934,Mountaha,0
1935,Dinara,0
1936,Vaneide,0
1937,Yolian,0
1938,Misheel,0
1939,Casey,0
1940,Lamama,0
1941,Priyanku,0
1942,Josael,0
1943,Rouss,0
1944,Milcer,0
1945,Suzen,0
1946,Clotilda,0
1947,Sandeep,0
1948,Светочка,0
1949,Mubash,0
1950,Rivas,0
1951,Nerilson,0
1952,Anabeli,0
1953,Kierstyn,0
1954,Jisell,0
1955,Takumbi,0
1956,Ahc,0
1957,Lingling,0
1958,Klan,0
1959,まさや,0
1960,Philli,0
1961,Winko,0
1962,Sukrija,0
1963,Yisehak,0
1964,Celymar,0
1965,Cristinel,0
1966,Jhamileth,0
1967,Alexandet,0
1968,Bianney,0
1969,Saulene,0
1970,Rehema,0
1971,العمقي,1
1972,Hilari,0
1973,Huanwen,0
1974,Tenay,0
1975,Goldfish,0
1976,Yiced,0
1977,Ogul,0
1978,Najaye,0
1979,Cheraine,0
1980,Ej,0
1981,Bartolomeus,0
1982,Orinthia,0
1983,Avinash,0
1984,Tey,0
1985,Buiti,0
1986,Arathi,0
1987,Mairyn,0
1988,Babblu,0
1989,Tahasin,0
1990,Mukama,0
1991,Jagjiwan,0
1992,Alianza,0
1993,Aiche,0
1994,Iavor,0
1995,Seiji,0
1996,Talia,0
1997,Vernadette,0
1998,Amicie,0
1999,Marusa,0
2000,Simke,0
2001,Владис,0
2002,Karool,0
2003,Kiler,0
2004,Shosana,0
2005,Sherisa,0
2006,Fabayo,0
2007,Klay,0
2008,Faustinus,0
2009,Eréndira,0
2010,Martje,0
2011,Britto,0
2012,Reizel,0
2013,Guzide,0
2014,Teka,0
2015,Svenya,0
2016,Simonette,0
2017,Ketelene,0
2018,Tougma,0
2019,Chendy,0
2020,Dipshikha,0
2021,Hyeseong,0
2022,Brigetta,0
2023,Goodlife,0
2024,Damarise,0
2025,Warlin,0
2026,Probando,0
2027,Тако,0
2028,Abdulkani,0
2029,Lobby,0
2030,Saadia,0
2031,Pénélope,0
2032,Tasko,0
2033,Glirian,0
2034,Changhui,0
2035,Bezaye,0
2036,Sokhana,0
2037,Mokolo,0
2038,Matylda,0
2039,אלן,1
2040,Tabara,0
2041,Jingmei,0
2042,Ssu,0
2043,Yngwie,0
2044,Danijella,0
2045,Noree,0
2046,Naadia,0
2047,Huiyan,0
2048,Méabh,0
2049,Evanidia,0
2050,Lenaig,0
2051,Zaklina,0
2052,Бублик,0
2053,Steak,0
2054,Parvaiz,0
2055,Dero,0
2056,Deaglan,0
2057,Ditas,0
2058,Sylvita,0
2059,Azmar,0
2060,Cafr,0
2061,Betha,0
2062,Ybc,0
2063,Mishail,0
2064,Chata,0
2065,Amancia,0
2066,Patys,0
2067,Joyjoy,0
2068,Nasheika,0
2069,Wandji,0
2070,Mijangos,0
2071,Fereydoon,0
2072,Eithan,0
2073,Jhesika,0
2074,Churchill,0
2075,Yamanishi,0
2076,Thankgod,0
2077,Bianis,0
2078,Hamoudii,0
2079,Rujuta,0
2080,Tenjiwe,0
2081,Keran,0
2082,Barato,0
2083,Meta,0
2084,Breds,0
2085,晓阳,0
2086,Isvi,0
2087,Dianitta,0
2088,Gelsomina,0
2089,Kristiana,0
2090,Belian,0
2091,Elpitha,0
2092,선인,0
2093,Geida,0
2094,Bingling,0
2095,Sylwia,0
2096,Shakespear,0
2097,Симонян,0
2098,Housseina,0
2099,Tiye,0
2100,Vilner,0
2101,Dogucan,0
2102,Reshel,0
2103,Rasmussen,0
2104,خدايداد,1
2105,Minimol,0
2106,Adjatey,0
2107,Phlilp,0
2108,Itesha,0
2109,Evets,0
2110,Farbod,0
2111,Vladamir,0
2112,Xari,0
2113,Hernaldo,0
2114,규희,0
2115,Kaven,0
2116,Millner,0
2117,Grajales,0
2118,Lamice,0
2119,Ismaris,0
2120,Troi,0
2121,Grante,0
2122,Mishta,0
2123,Elinam,0
2124,기목,0
2125,Terrilynn,0
2126,Juanga,0
2127,Ligda,0
2128,Jotsuel,0
2129,Skiller,0
2130,Orvelina,0
2131,Serbando,0
2132,Poying,0
2133,Callistus,0
2134,Punitha,0
2135,Niake,0
2136,Bettylove,0
2137,Idiana,0
2138,Hagyo,0
2139,Харитонова,0
2140,Luigy,0
2141,Richii,0
2142,Yinusa,0
2143,Pierre,0
2144,Navidad,0
2145,Ching-Wen,0
2146,Nereyda,0
2147,Hèctor,0
2148,Zordan,0
2149,Anureet,0
2150,Ellesha,0
2151,Sung-Hwan,0
2152,Deysi,0
2153,Jessel,0
2154,Megersa,0
2155,Dmitro,0
2156,Adra,0
2157,Adilah,0
2158,Rgv,1
2159,Enkhee,0
2160,Allisa,0
2161,Sinaloa,0
2162,Evanderson,0
2163,Elibel,0
2164,Aylmer,0
2165,Ezul,0
2166,Karrol,0
2167,Dolphin,0
2168,Mergim,0
2169,재문,0
2170,Rosannette,0
2171,Bnaya,0
2172,Aviv,0
2173,Khyron,0
2174,Sequoia,0
2175,Kakhaberi,0
2176,Konka,0
2177,Yosafe,0
2178,天意,0
2179,Kardeş,0
2180,Gerinaldo,0
2181,Comell,0
2182,Dce,0
2183,Josher,0
2184,Arielitoo,0
2185,Lashay,0
2186,Yuefeng,0
2187,Ibelis,0
2188,Mamushet,0
2189,동린,0
2190,Dayoung,0
2191,Nyma,0
2192,Sunnatillo,0
2193,Mircia,0
2194,Kehily,0
2195,Suliana,0
2196,Nanika,0
2197,Bessie,0
2198,Audrick,0
2199,Katri,0
2200,Xiang,0
2201,Massimino,0
2202,Darshita,0
2203,Shuzhao,0
2204,Sohta,0
2205,Shaunny,0
2206,Mezu,0
2207,Subha,0
2208,Rodo,0
2209,Remigija,0
2210,شوی,1
2211,Micaeli,0
2212,Nae,0
2213,Eteka,0
2214,Navaneetha,0
2215,Bivas,0
2216,Lagrace,0
2217,Gunaydin,0
2218,우식,0
2219,Yx,1
2220,Parirokh,0
2221,Khánh,0
2222,Adels,0
2223,Yadira,0
2224,Kyvan,0
2225,Lorenia,0
2226,Ildikó,0
2227,Aristóteles,0
2228,Yadisha,0
2229,Sofiyah,0
2230,Shojiro,0
2231,Dipson,0
2232,Biruta,0
2233,Gabbys,0
2234,Shincy,0
2235,Rakhat,0
2236,Keshon,0
2237,Meah,0
2238,Vanderlei,0
2239,Luisitho,0
2240,Franchesco,0
2241,Corto,0
2242,Stumpy,0
2243,ኤፍሬም,0
2244,Vianne,0
2245,Cefas,0
2246,Bakija,0
2247,Rokibat,0
2248,Tanjir,0
2249,Oliviah,0
2250,Fennie,0
2251,Jodane,0
2252,Azedinne,0
2253,Aabi,0
2254,Jerelis,0
2255,Tarsus,0
2256,Present,0
2257,Jurek,0
2258,Jelyazko,0
2259,Zuhuur,0
2260,Trizia,0
2261,Murlidhar,0
2262,Harra,0
2263,Gesus,0
2264,Juanmy,0
2265,Jemand,0
2266,Dedee,0
2267,Abelitho,0
2268,Yasdany,0
2269,Rodeline,0
2270,Gurjot,0
2271,לא,1
2272,Yosanne,0
2273,Marcol,0
2274,Zarghoon,0
2275,Abdimalik,0
2276,Kèv,0
2277,Käthy,0
2278,Plucky,0
2279,Eulises,0
2280,Jhaqui,0
2281,Kitala,0
2282,Manfredas,0
2283,Meliza,0
2284,Lariane,0
2285,Gregry,0
2286,Sudhish,0
2287,Xo,0
2288,Kinsi,0
2289,Yopy,0
2290,Jonard,0
2291,Mehrnosh,0
2292,Sinikka,0
2293,Ilee,0
2294,Yongsik,0
2295,Nillu,0
2296,Genory,0
2297,Servaas,0
2298,Lodian,0
2299,Diago,0
2300,Zehui,0
2301,Mickyle,0
2302,Arpy,0
2303,Itsmhe,0
2304,Аристарх,0
2305,Obina,0
2306,Will-Iam,0
2307,Beenie,0
2308,Telecia,0
2309,Tiaya,0
2310,Shujaat,0
2311,Lenaick,0
2312,Janal,0
2313,Ducky,0
2314,Khadijatul,0
2315,Gbadegeshin,0
2316,Kenken,0
2317,Xhevrie,0
2318,Kaide,0
2319,Chagdali,0
2320,Boopathy,0
2321,Teodula,0
2322,Mussy,0
2323,Maydé,0
2324,Mhizz,0
2325,Rhoel,0
2326,Javeria,0
2327,Yaideliz,0
2328,Hosai,0
2329,Gauntlett,0
2330,Germina,0
2331,Arisbet,0
2332,Weiyue,0
2333,Бахар,0
2334,Chenghan,0
2335,Ceesaar,0
2336,Adamazi,0
2337,Kharl,0
2338,Ivian,0
2339,Faxir,0
2340,美代子,0
2341,Shameed,0
2342,Ihr,0
2343,Ararsa,0
2344,Essenia,0
2345,Né,0
2346,Ujjval,0
2347,Paulie,0
2348,Herdís,0
2349,Mariecarmel,0
2350,Ziadoon,0
2351,Talan,0
2352,Daneillia,0
2353,Yuberly,0
2354,Johanne,0
2355,Harlin,0
2356,Kézia,0
2357,Ondina,0
2358,Linci,0
2359,Weir,0
2360,Lanky,0
2361,Sabine,0
2362,Jandito,0
2363,Claudiño,0
2364,Tokey,0
2365,Jesus,0
2366,Boampong,0
2367,Genave,0
2368,Camir,0
2369,Lizana,0
2370,Reimar,0
2371,Wild,0
2372,Buon,0
2373,Tannis,0
2374,Bouf,0
2375,Simeone,0
2376,Veraly,0
2377,Lelê,0
2378,Svietlana,0
2379,Begum,0
2380,Keyrah,0
2381,Yafe,0
2382,Ciria,0
2383,Drena,0
2384,Etelvina,0
2385,Karchy,0
2386,Whiston,0
2387,Vyda,0
2388,Sumeet,0
2389,Jakke,0
2390,Maruchi,0
2391,Duol,0
2392,Rajam,0
2393,Najay,0
2394,Shameena,0
2395,Βάσω,0
2396,Ufoma,0
2397,Enieda,0
2398,Rosembert,0
2399,Margreth,0
2400,Chudi,0
2401,Meharab,0
2402,Rolos,0
2403,Cavida,0
2404,Claudiceia,0
2405,Bijad,0
2406,Shafaet,0
2407,Thalea,0
2408,Juanjose,0
2409,Abiana,0
2410,Arold,0
2411,Maolis,0
2412,Петренко,0
2413,Misdi,0
2414,Betlhem,0
2415,Offiong,0
2416,Mekedas,0
2417,Parmesh,0
2418,Read,0
2419,Alexandera,0
2420,Sergito,0
2421,Evelize,0
2422,Astudillo,0
2423,Ricch,0
2424,Zabih,0
2425,Sachika,0
2426,Daviti,0
2427,Aakif,0
2428,Chris-Marie,0
2429,Shamis,0
2430,Lysbeth,0
2431,Mrl,0
2432,Васян,0
2433,Sheilen,0
2434,Ninosk,0
2435,Mourece,0
2436,Stanis,0
2437,Eroland,0
2438,Numata,0
2439,Desouky,0
2440,Dharmender,0
2441,Jymmy,0
2442,Zabdiel,0
2443,Боро,0
2444,Sunčica,0
2445,Hirma,0
2446,Jhadir,0
2447,Felicyta,0
2448,Mazze,0
2449,Benius,0
2450,Safak,0
2451,Jlouis,0
2452,Elizha,0
2453,Anaeli,0
2454,Rounak,0
2455,Yannin,0
2456,Vency,0
2457,Ove,0
2458,Wahidou,0
2459,Jev,0
2460,Antriana,0
2461,Houlaymatou,0
2462,Alyne,0
2463,מרים,1
2464,Durdy,0
2465,Redina,0
2466,Shamyrat,0
2467,Phourng,0
2468,Amary,0
2469,Esteli,0
2470,Juanikillo,0
2471,Aizelle,0
2472,Junzhi,0
2473,Nazlı,0
2474,Awelker,0
2475,Dezreen,0
2476,正洋,0
2477,Bayo,0
2478,Mjc,0
2479,Meer,0
2480,Tokiko,0
2481,Bougary,0
2482,Limberto,0
2483,Dionne,0
2484,Loro,0
2485,Nutricion,0
2486,Eeku,0
2487,Nizzi,0
2488,Lennika,0
2489,Keiran,0
2490,Shnoda,0
2491,Kaniel,0
2492,Lalipop,0
2493,Metayer,0
2494,Nillo,0
2495,Qarab,0
2496,Maytreya,0
2497,Anikesh,0
2498,Jarly,0
2499,Devika,0
2500,Linear,0
2501,Maimun,0
2502,Zafeiris,0
2503,Shondra,0
2504,Maricio,0
2505,Grechen,0
2506,Khairah,0
2507,Ileen,0
2508,Crage,0
2509,Denysse,0
2510,Omomeji,0
2511,Bahige,0
2512,Pinetta,0
2513,Badru,0
2514,완수,0
2515,Umarou,0
2516,Sudanese,0
2517,Chia-Yen,0
2518,Cleyber,0
2519,Minjae,0
2520,Brander,0
2521,Khalib,0
2522,Dielma,0
2523,Titose,0
2524,Itsyaboii,0
2525,Dunstan,0
2526,Geyson,0
2527,Aungmyo,0
2528,Freek,0
2529,Elianny,0
2530,Sibrecht,0
2531,Emilii,0
2532,Moffo,0
2533,Clarentina,0
2534,Irinita,0
2535,Wilio,0
2536,Inman,0
2537,Jois,0
2538,Eunsook,0
2539,Sumeira,0
2540,Zanne,0
2541,Qk,0
2542,Assol,0
2543,Wilfrefo,0
2544,Rupika,0
2545,리사,0
2546,Remilien,0
2547,Arsyan,0
2548,Dorothy,0
2549,Daiz,0
2550,Lockedout,0
2551,Schalk,0
2552,Rajaun,0
2553,Noritoshi,0
2554,Feija,0
2555,Roxxana,0
2556,Raufu,0
2557,Saousan,0
2558,Sathia,0
2559,Kresha,0
2560,Valsala,0
2561,Kmila,0
2562,Samaki,0
2563,Nosin,0
2564,Gladiss,0
2565,Chendo,0
2566,Sangeetha,0
2567,Lorainne,0
2568,Pensri,0
2569,Mishkat,0
2570,Arvindkumar,0
2571,Wooly,0
2572,Youtarou,0
2573,Euzilene,0
2574,Evalena,0
2575,Thelma,0
2576,Nyame,0
2577,Sterlyn,0
2578,Filagot,0
2579,Doménique,0
2580,Weihang,0
2581,Seretta,0
2582,Jasurbek,0
2583,Coumba,0
2584,Verlisa,0
2585,Catta,0
2586,Vitucho,0
2587,Yuuli,0
2588,Tabugbo,0
2589,Woldu,0
2590,Won,0
2591,Yianni,0
2592,Colora,0
2593,Erotilde,0
2594,Saadeh,0
2595,Nicolee,0
2596,Alvano,0
2597,Aimone,0
2598,Berengaria,0
2599,Sonimar,0
2600,Kristiine,0
2601,Jagseer,0
2602,Phumeza,0
2603,Thamar,0
2604,Htat,0
2605,Aikaterini,0
2606,Thasneem,0
2607,Farizul,0
2608,Bhekimpilo,0
2609,Kailany,0
2610,Juby,0
2611,Inflable,0
2612,Irbing,0
2613,Ziomar,0
2614,Salpy,0
2615,Mastura,0
2616,Ravinderjit,0
2617,Vicos,0
2618,Esmeralditha,0
2619,Jamii,0
2620,Madiel,0
2621,Laerte,0
2622,Chukwukere,0
2623,Bereni,0
2624,Gisou,0
2625,Queliane,0
2626,Sathiskumar,0
2627,Charal,0
2628,Izidor,0
2629,Kevinne,0
2630,Zondwa,0
2631,Heiko,0
2632,Joilyn,0
2633,Syrus,0
2634,Poulose,0
2635,Larko,0
2636,Weldes,0
2637,Cleópatra,0
2638,အာ,0
2639,Omoye,0
2640,قدور,1
2641,Gilette,0
2642,Vivit,0
2643,Nehemiah,0
2644,Dadullah,0
2645,Islai,0
2646,Argent,0
2647,Ângelo,0
2648,俊富,0
2649,Napoleão,0
2650,Kawsara,0
2651,Vraj,0
2652,Kalesha,0
2653,Joarder,0
2654,Mingyuan,0
2655,Theogene,0
2656,Orial,0
2657,Éder,0
2658,Smally,0
2659,Gerwazy,0
2660,Nirali,0
2661,Forood,0
2662,星辰,0
2663,Viktoriia,0
2664,Rocelia,0
2665,Esmila,0
2666,Keymon,0
2667,Bokyoung,0
2668,Diva,0
2669,Reikia,0
2670,Fernaz,0
2671,Obiorah,0
2672,Aamie,0
2673,Lyuda,0
2674,たろう,0
2675,Rasikh,0
2676,Orantes,0
2677,Pod,0
2678,Nweni,0
2679,Kiesha,0
2680,Romam,0
2681,Almend,0
2682,Jamye,0
2683,Nasrudin,0
2684,Aderin,0
2685,Rilke,0
2686,Chayene,0
2687,Réjean,0
2688,Haamu,0
2689,Naiel,0
2690,Yu-Ming,0
2691,Fania,0
2692,Izm,0
2693,Věrka,0
2694,Emilija,0
2695,Mayane,0
2696,Sylv,0
2697,Johnbull,0
2698,Gulara,0
2699,Teages,0
2700,서우,0
2701,Николь,0
2702,Mavia,0
2703,Haizel,0
2704,Mosia,0
2705,اسكود,1
2706,Prom,0
2707,Takamitsu,0
2708,Dilkumar,0
2709,Velo,0
2710,Bernardi,0
2711,Culi,0
2712,Gilay,0
2713,Junz,0
2714,Ilsiya,0
2715,Ruolan,0
2716,Kailanny,0
2717,Fafar,0
2718,Eloyna,0
2719,Rabieh,0
2720,Anayde,0
2721,Demus,0
2722,Rese,0
2723,Nikco,0
2724,Sirjan,0
2725,Trieu,0
2726,Santiango,0
2727,Donsa,0
2728,Mahbano,0
2729,Ryouta,0
2730,Hariatu,0
2731,Luys,0
2732,Sonit,0
2733,Khanyiso,0
2734,Gregoreo,0
2735,Laguda,0
2736,Dim,0
2737,Flia,0
2738,隆広,0
2739,Emiljan,0
2740,Colocho,0
2741,Dual,0
2742,Rogelia,0
2743,Geoline,0
2744,Djany,0
2745,برواري,1
2746,Emba,0
2747,Daron,0
2748,Vim,0
2749,Philisia,0
2750,Дмитро,0
2751,Martineau,0
2752,Ank,0
2753,Pratyush,0
2754,Lasalete,0
2755,Maykon,0
2756,Hasco,0
2757,流水,0
2758,Tomoyo,0
2759,Ritchel,0
2760,Innocenzo,0
2761,Varalakshmi,0
2762,Perline,0
2763,Cidalio,0
2764,Чебурек,0
2765,Terungwa,0
2766,Sandralina,0
2767,Tekleweini,0
2768,Areesha,0
2769,Gilbeto,0
2770,Marie-Sylvie,0
2771,Surya,0
2772,Sedjan,0
2773,Vandyck,0
2774,Antiola,0
2775,Pushpanjali,0
2776,Алибек,0
2777,Olgers,0
2778,Eudencio,0
2779,Iodete,0
2780,Mukeshkumar,0
2781,Floppy,0
2782,Tasnif,0
2783,Oneko,0
2784,창현,0
2785,Yasemine,0
2786,Azulita,0
2787,Amy-Lee,0
2788,Oomesh,0
2789,Hanna-Leena,0
2790,Badi,0
2791,Torrian,0
2792,Abdulmasih,0
2793,Markenzi,0
2794,Wanju,0
2795,Danceking,0
2796,Khalla,0
2797,Butros,0
2798,Taosif,0
2799,Maybis,0
2800,Emmerson,0
2801,유경,0
2802,Suleyman,0
2803,Chinelle,0
2804,Lokender,0
2805,Fiqiret,0
2806,海娟,0
2807,Mive,0
2808,Amirhosein,0
2809,Judia,0
2810,Mlando,0
2811,Nayade,0
2812,Jkr,1
2813,Нариман,0
2814,Danite,0
2815,Sjana,0
2816,Zekeriyya,0
2817,תומר,1
2818,Obi,0
2819,Okeffe,0
2820,Enanuel,0
2821,Wilsin,0
2822,Jramon,0
2823,Bettie,0
2824,Arkado,0
2825,Sukumar,0
2826,Robbert,0
2827,Charles-André,0
2828,Aalu,0
2829,Shamiza,0
2830,Reiny,0
2831,경훈,0
2832,Nursun,0
2833,Ideal,0
2834,Sattam,0
2835,Mardones,0
2836,Mumit,0
2837,Dainah,0
2838,Tumba,0
2839,Senju,0
2840,Seisho,0
2841,Blen,0
2842,Denardo,0
2843,Jinxiu,0
2844,Mouhyadin,0
2845,לנה,1
2846,Antoneta,0
2847,Yuechen,0
2848,Dorah,0
2849,Samdra,0
2850,Maheshika,0
2851,Pullaiah,0
2852,Portia,0
2853,Atitebi,0
2854,Helmey,0
2855,Andyy,0
2856,Cvijetin,0
2857,Mukendi,0
2858,Trailero,0
2859,Mtd,1
2860,Marslino,0
2861,Oldemar,0
2862,Andran,0
2863,Kessel,0
2864,Jitzel,0
2865,Nuryagdy,0
2866,Armelle,0
2867,Hacibey,0
2868,Sarmila,0
2869,Trishanna,0
2870,Sunmola,0
2871,杰文,0
2872,Jóhann,0
2873,Yodanis,0
2874,Kambez,0
2875,Simó,0
2876,Mawulolo,0
2877,Nilusha,0
2878,Suhreta,0
2879,Zamiir,0
2880,Yanbing,0
2881,Maston,0
2882,Ergi,0
2883,Yerilyn,0
2884,Rodeth,0
2885,Jorit,0
2886,Geilen,0
2887,Mitsui,0
2888,Pınar,0
2889,Obensonn,0
2890,Ramirez,0
2891,Sebut,0
2892,Emi,0
2893,Sinder,0
2894,제균,0
2895,Benites,0
2896,Fyodor,0
2897,Curley,0
2898,Idemudia,0
2899,Elex,0
2900,Elicenda,0
2901,Arroub,0
2902,Esubalew,0
2903,Zoltar,0
2904,Jingyue,0
2905,Toxie,0
2906,Kochav,0
2907,Malat,0
2908,Sander,0
2909,Danele,0
2910,Mařenka,0
2911,Adalys,0
2912,Haiyong,0
2913,Griseldita,0
2914,Лидер,0
2915,Idalma,0
2916,Roslande,0
2917,Sulltana,0
2918,Tenniel,0
2919,Sharipov,0
2920,Dasmary,0
2921,Chunlei,0
2922,Shadeeka,0
2923,Rowen,0
2924,Georgiou,0
2925,Wuilmar,0
2926,Blayson,0
2927,Fikie,0
2928,Onorio,0
2929,Tomm,0
2930,Aglin,0
2931,Nayiber,0
2932,Macaco,0
2933,Dusanka,0
2934,Tish,0
2935,Bozorgmehr,0
2936,Mengmei,0
2937,Ehvelina,0
2938,Nielle,0
2939,Kandice,0
2940,Ilbia,0
2941,Gacia,0
2942,Pok,0
2943,Roselene,0
2944,Thirunavukkarasu,0
2945,Elyne,0
2946,Gilbeft,0
2947,Dojin,0
2948,Malgo,0
2949,Prime,0
2950,Vilo,0
2951,Aivis,0
2952,Menette,0
2953,Eizo,0
2954,Ercila,0
2955,Ashea,0
2956,Yazhini,0
2957,Nilesoy,0
2958,Dionizy,0
2959,صكارك,1
2960,Afolayan,0
2961,Achyut,0
2962,السامبو,1
2963,若晴,0
2964,Chemy,0
2965,Zhuomin,0
2966,Yaami,0
2967,Glaspole,0
2968,Marbe,0
2969,Roberde,0
2970,Granny,0
2971,Woodline,0
2972,Bongsu,0
2973,Dayri,0
2974,Imar,0
2975,Ilija,0
2976,Reta,0
2977,Subasini,0
2978,Girlane,0
2979,Alejandrina,0
2980,Aspan,0
2981,Beruka,0
2982,Keila,0
2983,Ryousuke,0
2984,Hshsh,0
2985,Lolan,0
2986,Krakani,0
2987,Meiching,0
2988,Irlei,0
2989,Vanessaa,0
2990,Ogunlaja,0
2991,Richt,0
2992,Navu,0
2993,Levin,0
2994,Akoni,0
2995,Panford,0
2996,Samyak,0
2997,Claudiita,0
2998,Tayah,0
2999,Sillie,0
3000,Rónán,0
3001,Frenny,0
3002,Raha,0
3003,Marquesa,0
3004,Jerje,0
3005,Julekha,0
3006,Loïc,0
3007,Izabelita,0
3008,Fays,0
3009,Duclaire,0
3010,Бегайым,0
3011,Përëz,0
3012,Leib,0
3013,Snyder,0
3014,Rashpal,0
3015,Vé,0
3016,Laurindo,0
3017,Ilayan,0
3018,Lamonica,0
3019,Edelweiss,0
3020,Mariaangela,0
3021,Jonno,0
3022,Antonete,0
3023,Yeleana,0
3024,Ryheim,0
3025,Aggie,0
3026,Youngrich,0
3027,Somaly,0
3028,Caycay,0
3029,Jeean,0
3030,Cipriana,0
3031,Thein,0
3032,Oluwasijibomi,0
3033,Krah,0
3034,Darlincita,0
3035,Yllek,0
3036,Tercia,0
3037,Esmailin,0
3038,Edvinas,0
3039,Glenrick,0
3040,Tanzida,0
3041,Faezeh,0
3042,Patroy,0
3043,Surita,0
3044,Fredlen,0
3045,Shueyb,0
3046,Eureka,0
3047,Vinald,0
3048,ابومنتظر,1
3049,Aliosha,0
3050,Nahshon,0
3051,기복,0
3052,Karlyta,0
3053,Arkadius,0
3054,Elkhalil,0
3055,Ghilda,0
3056,Luisalfonso,0
3057,Caita,0
3058,Pidor,0
3059,Rushka,0
3060,רלי,1
3061,Bedros,0
3062,Nivya,0
3063,Swedish,0
3064,Orfidia,0
3065,Tebai,0
3066,Onifade,0
3067,Gursimran,0
3068,Amilya,0
3069,Marix,0
3070,Mosey,0
3071,ေကာင္းကင္,0
3072,Sebatin,0
3073,Alce,0
3074,Yenissel,0
3075,Tedja,0
3076,Priyanki,0
3077,Vadoud,0
3078,Gamil,0
3079,Nak,0
3080,Teige,0
3081,Homar,0
3082,Shava,0
3083,志傑,0
3084,Yep,0
3085,Seph,0
3086,Cermeño,0
3087,Hsin,0
3088,Ingriz,0
3089,Kristiyana,0
3090,Nandis,0
3091,Berton,0
3092,Lize-Lotte,0
3093,Shabcaan,0
3094,Asitha,0
3095,Bogac,0
3096,Yordany,0
3097,Shanta,0
3098,Goele,0
3099,Dumka,0
3100,Puchu,0
3101,Kamilou,0
3102,Muzdalifah,0
3103,Claudenice,0
3104,태수,0
3105,Lebia,0
3106,Autty,0
3107,Sharka,0
3108,Ticiana,0
3109,Emai,0
3110,Noie,0
3111,Mancia,0
3112,Kahee,0
3113,宇阳,0
3114,Kenaya,0
3115,Jamieleigh,0
3116,Tadahiko,0
3117,Melinna,0
3118,Pastorjulio,0
3119,Poming,0
3120,Doula,0
3121,Ziggi,0
3122,Xiaochuan,0
3123,Nelsom,0
3124,Arvee,0
3125,Larrys,0
3126,Melanee,0
3127,Minder,0
3128,Damayanti,0
3129,Walisson,0
3130,Kenson,0
3131,Chilly,0
3132,あやか,0
3133,Tiburcio,0
3134,Lup,0
3135,Lucrèce,0
3136,Heiðrún,0
3137,Egidijus,0
3138,Waku,0
3139,Otubu,0
3140,Julda,0
3141,Massaoudou,0
3142,Roster,0
3143,Elidio,0
3144,기환,0
3145,Escape,0
3146,Jannella,0
3147,Boiler,0
3148,Faida,0
3149,Lue,0
3150,Kulthum,0
3151,Oulhadj,0
3152,Outta,0
3153,Kayvia,0
3154,Drielli,0
3155,Elienai,0
3156,Eilean,0
3157,Omirzak,0
3158,Sylvanne,0
3159,Nimah,0
3160,偉豪,0
3161,Rainiel,0
3162,Byah,0
3163,Diolanda,0
3164,Isao,0
3165,용희,0
3166,Metty,0
3167,Intisar,0
3168,Tianai,0
3169,Niels-Erik,0
3170,Iozsef,0
3171,Angelamaria,0
3172,Tugsuu,0
3173,Odukoya,0
3174,Апро,0
3175,Ahsham,0
3176,Prakasam,0
3177,Aubrie,0
3178,Jummai,0
3179,Ruven,0
3180,ስላም,1
3181,Hnry,0
3182,Choncito,0
3183,Juanio,0
3184,Charpentier,0
3185,Shefu,0
3186,Inosensia,0
3187,Eliizabeth,0
3188,Azwar,0
3189,Dalary,0
3190,Sisli,0
3191,Aziana,0
3192,Moshidi,0
3193,Gelaa,0
3194,Mowlid,0
3195,Josephus,0
3196,Channi,0
3197,Florentino,0
3198,민선,0
3199,Pielcanela,0
3200,Mesutcan,0
3201,Çağla,0
3202,Segundina,0
3203,Mical,0
3204,Lilii,0
3205,Martiniano,0
3206,하늬,0
3207,Fatemeh,0
3208,Brownnie,0
3209,Clody,0
3210,소영,0
3211,Singing,0
3212,Erodz,0
3213,Andhy,0
3214,Kymani,0
3215,Nezih,0
3216,Jaslyn,0
3217,Bors,0
3218,Shelter,0
3219,Tassiana,0
3220,吉田,0
3221,Phyillis,0
3222,Bibbie,0
3223,Shamoye,0
3224,Maguire,0
3225,현호,0
3226,Dirkie,0
3227,Svaja,0
3228,Reygie,0
3229,Sharifun,0
3230,Fonny,0
3231,Efeti,0
3232,Kilani,0
3233,Kyparissia,0
3234,Megah,0
3235,Zahra,0
3236,Bonnet,0
3237,Chila,0
3238,Liese,0
3239,Amarjiit,0
3240,Somalie,0
3241,Brendaa,0
3242,Zhenchao,0
3243,Palmyre,0
3244,Parsis,0
3245,Cianne,0
3246,Робик,0
3247,Krisyanto,0
3248,Sadibou,0
3249,Cadidjato,0
3250,Evidiel,0
3251,Florbela,0
3252,Burgh,0
3253,Imoh,0
3254,Ifeanyi,0
3255,Mekonen,0
3256,Padmanav,0
3257,Ker,0
3258,Petete,0
3259,Venide,0
3260,Sunwook,0
3261,Kyota,0
3262,Cef,0
3263,Bethany,0
3264,Wulliam,0
3265,Lachin,0
3266,Jinyan,0
3267,Biara,0
3268,Suleymi,0
3269,Bimmy,0
3270,Serma,0
3271,Mosley,0
3272,Radojka,0
3273,Sriya,0
3274,Baziel,0
3275,Tanzil,0
3276,Cando,0
3277,Nyandwi,0
3278,Basirat,0
3279,Voon,0
3280,Theodorah,0
3281,Mushtak,0
3282,Venacio,0
3283,Josefat,0
3284,Domna,0
3285,Utkarsha,0
3286,Kuralay,0
3287,Kime,0
3288,Janghee,0
3289,Gurjinder,0
3290,Elmaddin,0
3291,Nimish,0
3292,Fengyi,0
3293,Lizneth,0
3294,Amaury,0
3295,Casmin,0
3296,Stenie,0
3297,Bashiru,0
3298,Jamesie,0
3299,Thiyen,0
3300,Kacio,0
3301,Meream,0
3302,潤一,0
3303,Asefeh,0
3304,Sheick,0
3305,이준,0
3306,Tutin,0
3307,Cherlin,0
3308,Liet,0
3309,Davs,0
3310,Zhibing,0
3311,Dashanel,0
3312,Jolee,0
3313,병택,0
3314,Yaimara,0
3315,Totten,0
3316,Celimarie,0
3317,Jilei,0
3318,Timbuktu,0
3319,Érin,0
3320,Teni,0
3321,Théé,0
3322,Norrie,0
3323,Айзада,0
3324,Bisoye,0
3325,Tuikku,0
3326,Hayko,0
3327,Leonsito,0
3328,Novlette,0
3329,Nately,0
3330,Elangwe,0
3331,Leevi,0
3332,Leti,0
3333,Henrris,0
3334,Rolandis,0
3335,Franck,0
3336,はるき,0
3337,Upesh,0
3338,Ludgardo,0
3339,Rajanish,0
3340,Krupal,0
3341,Lidyanne,0
3342,Zintia,0
3343,信榮,0
3344,Nerda,0
3345,K-E,0
3346,Mitko,0
3347,Issis,0
3348,Ippei,0
3349,Yarelkis,0
3350,Nancy,0
3351,Jaj,0
3352,Knut,0
3353,Marbie,0
3354,Shpe,0
3355,Gulxar,0
3356,Mellie,0
3357,Benerito,0
3358,Finca,0
3359,Arnando,0
3360,依芳,0
3361,Cascara,0
3362,Wonhyung,0
3363,Oshin,0
3364,ေက်ာ္,0
3365,Oralee,0
3366,Amijet,0
3367,Sundhar,0
3368,연아,0
3369,Thessalia,0
3370,慧芳,0
3371,Kimi,0
3372,Ebwin,0
3373,Pavit,0
3374,Hidel,0
3375,Zaine,0
3376,Zografia,0
3377,Jujhar,0
3378,Roms,0
3379,Sartaz,0
3380,Gahungu,0
3381,Salan,0
3382,Wuanakitho,0
3383,Ricks,0
3384,Nuro,0
3385,Harminder,0
3386,Afua,0
3387,Plarent,0
3388,עזרא,1
3389,Kumaresan,0
3390,Rajshri,0
3391,Junghwa,0
3392,Zim,0
3393,Manigandan,0
3394,Leonidad,0
3395,Yorsi,0
3396,Matumona,0
3397,Hayashi,0
3398,Garfeild,0
3399,Chunsing,0
3400,Mangamma,0
3401,Nirajan,0
3402,Rosange,0
3403,Thương,0
3404,Cinira,0
3405,Santhoshi,0
3406,Nchong,0
3407,婉蓉,0
3408,Tarr,0
3409,Yare,0
3410,Bagrat,0
3411,नितेश,1
3412,Monwara,0
3413,Boross,0
3414,Denniel,0
3415,Halilu,0
3416,Nanor,0
3417,Nowa,0
3418,Kyounghwan,0
3419,Ngozy,0
3420,Elois,0
3421,Nakula,0
3422,Adiannis,0
3423,Hoora,0
3424,Valters,0
3425,Asset,0
3426,Gerwin,0
3427,Yaguchi,0
3428,영찬,0
3429,Rameez,0
3430,Kotori,0
3431,Gris,0
3432,Klaris,0
3433,Lilana,0
3434,Sadab,0
3435,Krishane,0
3436,Paudge,0
3437,Lauj,0
3438,Aids,0
3439,Kerreen,0
3440,Waichi,0
3441,Spiros,0
3442,Ilonka,0
3443,Cristoba,0
3444,Navise,0
3445,Mmandu,0
3446,Lulzime,0
3447,Tapati,0
3448,Taze,0
3449,Босс,1
3450,Aprendiendo,0
3451,Vija,0
3452,Kuhn,0
3453,Mundo,0
3454,Kyrshan,0
3455,Eldio,0
3456,Dafine,0
3457,Lebert,0
3458,Kuke,0
3459,Taesuk,0
3460,Zaahid,0
3461,Maivy,0
3462,Kanjana,0
3463,Chenai,0
3464,Beula,0
3465,Howie,0
3466,Zely,0
3467,Allaz,0
3468,Anasi,0
3469,Awuraama,0
3470,Guerlin,0
3471,Jeanherold,0
3472,Giulio,0
3473,Jazzyy,0
3474,Luisantonio,0
3475,Felistus,0
3476,Kellis,0
3477,Guto,0
3478,Bury,0
3479,Darro,0
3480,Eberton,0
3481,Eskay,0
3482,Puree,0
3483,Hyginus,0
3484,Shortie,0
3485,Piet,0
3486,ومضه,1
3487,Oky,0
3488,Mähmøûd,0
3489,Rokaa,0
3490,Dadrion,0
3491,Yumeng,0
3492,קרול,1
3493,Etima,0
3494,Deesse,0
3495,Yu-Ki,0
3496,Rodes,0
3497,Samiyeh,0
3498,Oxy,0
3499,Aaeda,0
3500,Varanda,0
3501,Blai,0
3502,Nangie,0
3503,Mahbube,0
3504,Sungwon,0
3505,승완,0
3506,Shafak,0
3507,Wsnda,0
3508,Masilamani,0
3509,理絵,0
3510,Caelainn,0
3511,Sherl,0
3512,Mitsuhisa,0
3513,Nolwen,0
3514,Jodiee,0
3515,복길,0
3516,Alilie,0
3517,Eshli,0
3518,Apollonia,0
3519,Jamshedul,0
3520,Cirleide,0
3521,Yuley,0
3522,Yoshy,0
3523,Hanfare,0
3524,Lekbira,0
3525,Mérida,0
3526,Hoyt,0
3527,Rumpel,0
3528,Tamu,0
3529,Dejane,0
3530,Lynce,0
3531,Shakena,0
3532,Fazludin,0
3533,Joseilda,0
3534,Rustic,0
3535,Punisa,0
3536,Librado,0
3537,Leinier,0
3538,Rabadan,0
3539,Marycel,0
3540,Ratnawati,0
3541,Guilver,0
3542,Mikisa,0
3543,Fur,0
3544,Kuatbek,0
3545,Outi,0
3546,الشابي,1
3547,Ije,0
3548,Rositha,0
3549,Clailson,0
3550,Jhanet,0
3551,Geedi,0
3552,Terri-Ann,0
3553,Jivraj,0
3554,Permjit,0
3555,Heind,0
3556,Sers,0
3557,Aluko,0
3558,Vivians,0
3559,Sulbiye,0
3560,Kaourou,0
3561,Marlisa,0
3562,Delelegn,0
3563,Mariina,0
3564,Чынара,1
3565,Theo,0
3566,Geroncio,0
3567,Castel,0
3568,Arianne,0
3569,Janjay,0
3570,Eustathia,0
3571,Doralys,0
3572,Siimo,0
3573,Shpeto,0
3574,Donatila,0
3575,Giovanina,0
3576,Cleiciane,0
3577,Niko,0
3578,Doraine,0
3579,Iyo,0
3580,Malory,0
3581,Khafilat,0
3582,Shage,0
3583,Gulnahar,0
3584,Wislley,0
3585,Karianys,0
3586,Trippi,0
3587,Marlenn,0
3588,Slimshady,0
3589,Sasithorn,0
3590,Rezuanul,0
3591,Малой,0
3592,Rodolfito,0
3593,Abdiweli,0
3594,Ramsis,0
3595,Ermonela,0
3596,雅晴,0
3597,Даниила,1
3598,Camelo,0
3599,Kenyon,0
3600,泓鈞,0
3601,Gelie,0
3602,Kendyy,0
3603,Rinconcito,0
3604,少芳,0
3605,Matthe,0
3606,Moyeen,0
3607,Serasan,0
3608,Mayumy,0
3609,Jern,0
3610,Dapheny,0
3611,Miquell,0
3612,Vapour,0
3613,Effort,0
3614,Tresnawati,0
3615,Adolph,0
3616,Oluleke,0
3617,Picka,0
3618,Sheheryar,0
3619,Rezon,0
3620,Gonsa,0
3621,Karolek,0
3622,Libaniel,0
3623,Дилноза,1
3624,Isador,0
3625,Nealie,0
3626,Susje,0
3627,Elmire,0
3628,Jökull,0
3629,Haribhai,0
3630,Pammela,0
3631,Masai,0
3632,Luvi,0
3633,Panteha,0
3634,Negma,0
3635,Deeni,0
3636,Ou,0
3637,Sahidah,0
3638,智聰,0
3639,Pakhong,0
3640,Benjhamin,0
3641,Nardose,0
3642,Haciel,0
3643,Kokou,0
3644,Larosee,0
3645,Osifo,0
3646,Cochava,0
3647,Olusesan,0
3648,I-Ling,0
3649,상율,0
3650,Loulia,0
3651,Akseniya,0
3652,Arstanbek,0
3653,Eyvis,0
3654,Dianira,0
3655,Alexandel,0
3656,Givanna,0
3657,Shurovi,0
3658,Sreya,0
3659,Denivaldo,0
3660,Kiranmai,0
3661,Ekremcan,0
3662,Heléna,0
3663,Yeliam,0
3664,Basudeb,0
3665,Loleta,0
3666,Mcdonald,0
3667,Rolana,0
3668,Renyuan,0
3669,Nusreta,0
3670,Eross,0
3671,Shingai,0
3672,Bayor,0
3673,Kelmin,0
3674,Ildem,0
3675,Sullapa,0
3676,Keish,0
3677,Eudoxie,0
3678,Anxious,0
3679,Yukchun,0
3680,Yureidy,0
3681,Marisi,0
3682,Danvil,0
3683,Exy,0
3684,Aristeidis,0
3685,Oneda,0
3686,Jossii,0
3687,俊傑,0
3688,Colichita,0
3689,Karlha,0
3690,Zandile,0
3691,Laryssa,0
3692,Алинка,0
3693,Adisah,0
3694,Gherghina,0
3695,Ievgen,0
3696,Provi,0
3697,Medio,0
3698,Dcr,1
3699,Dasean,0
3700,Arzhang,0
3701,Vinodani,0
3702,Anushik,0
3703,Khawa,0
3704,Rugia,0
3705,Faiso,0
3706,Ridima,0
3707,Lizbell,0
3708,Jacket,0
3709,Chuchin,0
3710,Benzima,0
3711,Illja,0
3712,Tebessum,0
3713,Kerani,0
3714,Colonia,0
3715,Thanuja,0
3716,Elmaze,0
3717,Sotelo,0
3718,Akela,0
3719,Jojoe,0
3720,Proauto,0
3721,Ngulefac,0
3722,Bandini,0
3723,Vladdy,0
3724,Shirman,0
3725,Chi-Chi,0
3726,Ukeme,0
3727,Ussher,0
3728,Krakow,0
3729,Telsi,0
3730,Giilda,0
3731,Nahely,0
3732,Kuheli,0
3733,예슬,0
3734,Adefolaju,0
3735,Leticica,0
3736,Yobi,0
3737,Caj,0
3738,Febin,0
3739,Xinsheng,0
3740,Crismarie,0
3741,Ehud,0
3742,Kasanita,0
3743,Yueyu,0
3744,Laloca,0
3745,Pernelle,0
3746,Ong,0
3747,Sedem,0
3748,Qwequ,0
3749,Gurneet,0
3750,Willii,0
3751,Jajuan,0
3752,Airel,0
3753,Aidan,0
3754,اسو,1
3755,Borka,0
3756,翔平,0
3757,Saodah,0
3758,Folajomi,0
3759,Äntönïö,0
3760,Jongwook,0
3761,Mîke,0
3762,Berket,0
3763,Aldie,0
3764,Marcando,0
3765,Chantell,0
3766,Elkie,0
3767,Mzimasi,0
3768,Obenson,0
3769,Farwa,0
3770,Glea,0
3771,Makfir,0
3772,Afshin,0
3773,Brani,0
3774,Pei-Chi,0
3775,Sinky,0
3776,Heliya,0
3777,Sililo,0
3778,Perelle,0
3779,Sairita,0
3780,Guiye,0
3781,Willyan,0
3782,Dnes,0
3783,Abdous,0
3784,Yilen,0
3785,Mosele,0
3786,Pádraig,0
3787,Okbai,0
3788,Chespi,0
3789,Vanilda,0
3790,Annamari,0
3791,Akshdeep,0
3792,マーク,0
3793,Humala,0
3794,ژيان,1
3795,Lindita,0
3796,Budi,0
3797,Zee,0
3798,Mimii,0
3799,Madyy,0
3800,Ehirim,0
3801,Tsofia,0
3802,Ramki,0
3803,Lázár,0
3804,Drizzy,0
3805,Теодор,1
3806,玲菜,0
3807,Geranne,0
3808,Estyf,0
3809,Ayah,0
3810,Pushpendra,0
3811,Volga,0
3812,Olvis,0
3813,Füsun,0
3814,Valtteri,0
3815,Stassia,0
3816,Yashdeep,0
3817,Adijah,0
3818,Mayta,0
3819,Marilolis,0
3820,Lynsay,0
3821,Firasat,0
3822,Narcelio,0
3823,Roscoe,0
3824,Ofel,0
3825,Sisp,0
3826,Wolodymyr,0
3827,Huberte,0
3828,Chavy,0
3829,Ngana,0
3830,Kalhu,0
3831,Feros,0
3832,Stan-Lee,0
3833,Nafis,0
3834,Zeljko,0
3835,Yariman,0
3836,Dore,0
3837,Yiğit,0
3838,Gunawan,0
3839,Sut,0
3840,Hortensio,0
3841,선우,0
3842,Jonelly,0
3843,Jevaun,0
3844,Ceu,0
3845,Walley,0
3846,Lexuz,0
3847,Holver,0
3848,Chinnam,0
3849,Daxi,0
3850,Egi,0
3851,B-G,0
3852,Serei,0
3853,ליאן,1
3854,Ljeoma,0
3855,Achlee,0
3856,Ani,0
3857,Sakineh,0
3858,Carma,0
3859,Qato,0
3860,Rosmie,0
3861,Dayu,0
3862,Ruddest,0
3863,Frédo,0
3864,Boan,0
3865,Porota,0
3866,Mahder,0
3867,Ekateryna,0
3868,Ketisha,0
3869,Kenish,0
3870,Danely,0
3871,Chedlia,0
3872,Sharielys,0
3873,Judo,0
3874,Herter,0
3875,Arneta,0
3876,Marggi,0
3877,Nayelie,0
3878,Compañía,0
3879,Buy,0
3880,奕德,0
3881,Sidonnie,0
3882,Marshanda,0
3883,Samaida,0
3884,しずか,0
3885,Besnard,0
3886,Olbap,0
3887,Mabelys,0
3888,Elivia,0
3889,Octavie,0
3890,Sharief,0
3891,Mairo,0
3892,Awng,0
3893,Fideli,0
3894,Marifé,0
3895,Jocieli,0
3896,Orestes,0
3897,Jejd,0
3898,Dillan,0
3899,정직,0
3900,Nuur,0
3901,Hirad,0
3902,Somie,0
3903,Yisoo,0
3904,Rekaz,0
3905,Nefeli,0
3906,Jhordany,0
3907,Mykeala,0
3908,Narciza,0
3909,Deglin,0
3910,Cleotilde,0
3911,Maddalen,0
3912,Bonsu,0
3913,Zapateria,0
3914,Irtaza,0
3915,Herling,0
3916,Yza,0
3917,Bucks,0
3918,Saintamene,0
3919,Lea-Marie,0
3920,Sefik,0
3921,Obel,0
3922,Hadje,0
3923,Enyinnaya,0
3924,Kettys,0
3925,Fty,0
3926,Oniovosa,0
3927,Santoya,0
3928,الاصبحي,1
3929,Aroti,0
3930,Aarón,0
3931,Palester,0
3932,Юна,0
3933,Andenet,0
3934,Olukemi,0
3935,Lihy,0
3936,Eddin,0
3937,Bishar,0
3938,Délia,0
3939,Lesmore,0
3940,Domminick,0
3941,Scotti,0
3942,Ajantha,0
3943,Pinda,0
3944,Rendes,0
3945,Shokunbi,0
3946,Laks,0
3947,광식,0
3948,عنون,1
3949,Vilian,0
3950,Mokhtari,0
3951,Shigeko,0
3952,완진,0
3953,Gerbin,0
3954,Лора,0
3955,Shiley,0
3956,Trisnawati,0
3957,Renoldo,0
3958,Elízabeth,0
3959,Floor,0
3960,Grazia,0
3961,Ismelia,0
3962,Quao,0
3963,Tshabalala,0
3964,Lenaa,0
3965,Nevzad,0
3966,Macabeo,0
3967,Phượng,0
3968,Josemartin,0
3969,Amjath,0
3970,Nabz,0
3971,Andrion,0
3972,금지,0
3973,Yixiao,0
3974,Mitia,0
3975,Nayle,0
3976,Urías,0
3977,Vanness,0
3978,Fasuyi,0
3979,Мур,0
3980,Farsana,0
3981,Dulcecita,0
3982,Sushmita,0
3983,Mickaël,0
3984,Olio,0
3985,Astra,0
3986,Rubbie,0
3987,Mutya,0
3988,Aarish,0
3989,용찬,0
3990,加利,0
3991,Nairda,0
3992,Meybel,0
3993,Javorn,0
3994,Xitlally,0
3995,Elonis,0
3996,Percyval,0
3997,Hosmer,0
3998,Santillan,0
3999,Reshad,0
4000,Aima,0
4001,Yooka,0
4002,အလင္း,0
4003,Claucio,0
4004,Karolaine,0
4005,Jerval,0
4006,Dusu,0
4007,Seherzada,0
4008,Indir,0
4009,Merfet,0
4010,Hassiba,0
4011,Gicho,0
4012,Misse,0
4013,Marionel,0
4014,Thayara,0
4015,Shuyi,0
4016,Amanuel,0
4017,Evanildes,0
4018,Hardip,0
4019,Shimy,0
4020,Grethel,0
4021,Sheuli,0
4022,Jacine,0
4023,Mbombo,0
4024,Hlias,0
4025,Laizu,0
4026,Marious,0
4027,Mamudou,0
4028,Kwokkwong,0
4029,Yingtao,0
4030,Hairstyle,0
4031,Тема,0
4032,Teraoka,0
4033,Yobu,0
4034,Cleidemar,0
4035,Laysan,0
4036,Mariuza,0
4037,Becka,0
4038,Eleanna,0
4039,Juandaniel,0
4040,Timka,0
4041,Dioulde,0
4042,Ardian,0
4043,Lismari,0
4044,Kache,0
4045,Tatiely,0
4046,Hazzel,0
4047,Naiomi,0
4048,Kunika,0
4049,Akniet,0
4050,Jiarong,0
4051,Ekwy,0
4052,Abdeltawab,0
4053,Kafkas,0
4054,Zhixia,0
4055,Yudji,0
4056,Helper,0
4057,Gyslaine,0
4058,Garette,0
4059,Kimee,0
4060,Toyibat,0
4061,Miyakawa,0
4062,경찬,0
4063,Jiahe,0
4064,Odunayo,0
4065,Kentaro,0
4066,Volter,0
4067,Jibsam,0
4068,Branden,0
4069,Adewunmi,0
4070,Ilyass,0
4071,Noddy,0
4072,Danko,0
4073,Prabh,0
4074,Джози,1
4075,Batyr,0
4076,Oryan,0
4077,Paone,0
4078,Visat,0
4079,اللامي,1
4080,Gledson,0
4081,Chingyee,0
4082,Mobolanle,0
4083,Ever,0
4084,Ratna,0
4085,Zhuk,0
4086,Shittu,0
4087,Sajidah,0
4088,Senami,0
4089,Lasitha,0
4090,Cavan,0
4091,Deemus,0
4092,Khadafi,0
4093,윤섭,0
4094,Leut,0
4095,Vayron,0
4096,Bohemio,0
4097,Theophelus,0
4098,楷倫,0
4099,Zl,1
4100,Lashi,0
4101,Matamba,0
4102,Shabash,0
4103,Tomeca,0
4104,정국,0
4105,Minion,0
4106,Janly,0
4107,Hosmar,0
4108,Obie,0
4109,Pirdad,0
4110,Whiteman,0
4111,Osakpolor,0
4112,Zsuzsa,0
4113,Sristy,0
4114,Abdirisaq,0
4115,Mell,0
4116,Senovia,0
4117,Luiscarlo,0
4118,Nontathu,0
4119,Glevis,0
4120,Vaneza,0
4121,Giulya,0
4122,Sacerdotisa,0
4123,Mirabela,0
4124,Rébecca,0
4125,Kassech,0
4126,瀚文,0
4127,Xaime,0
4128,Suyu,0
4129,Maritzela,0
4130,Hildo,0
4131,Lannah,0
4132,Chiara,0
4133,Scripture,0
4134,Analivia,0
4135,Theofrastos,0
4136,Edison,0
4137,Akilesh,0
4138,Damage,0
4139,Omotee,0
4140,Mariazinha,0
4141,Nothando,0
4142,Tabuchi,0
4143,Edianis,0
4144,Oresta,0
4145,Railly,0
4146,Finsta,0
4147,Mallu,0
4148,Porferia,0
4149,Ednalda,0
4150,Anwo,0
4151,Winny,0
4152,Annemaria,0
4153,Sule,0
4154,Ayeasha,0
4155,Tulio,0
4156,Shota,0
4157,Marianka,0
4158,Zyon,0
4159,Zanele,0
4160,Hedi,0
4161,丽虹,0
4162,Audrina,0
4163,Janneffer,0
4164,Alarna,0
4165,Songue,0
4166,Siqueira,0
4167,Rugamba,0
4168,Ndubueze,0
4169,Egr,0
4170,Aldany,0
4171,Sakeenat,0
4172,Mariea,0
4173,Gerami,0
4174,Ook,0
4175,Goś,0
4176,Nancye,0
4177,Jarif,0
4178,Jesenia,0
4179,Balerio,0
4180,Katering,0
4181,Sebio,0
4182,Janas,0
4183,Sims,0
4184,Ngitir,0
4185,Davelyn,0
4186,维佳,0
4187,Iggy,0
4188,Taulant,0
4189,Widy,0
4190,Kokob,0
4191,Рита,0
4192,Nellson,0
4193,Ysabella,0
4194,Kafuti,0
4195,Donie,0
4196,Fadomo,0
4197,Wanqing,0
4198,Douglass,0
4199,Subhro,0
4200,Saygin,0
4201,Ayde,0
4202,夏穂,0
4203,Oshay,0
4204,Sareni,0
4205,Janeric,0
4206,Nafsika,0
4207,Eduyn,0
4208,Redmi,0
4209,Mahshad,0
4210,Hys,0
4211,Rossouw,0
4212,Samundra,0
4213,Bodina,0
4214,Devasia,0
4215,Nilvan,0
4216,Sheeka,0
4217,Mamedov,0
4218,Tatita,0
4219,Xiaonan,0
4220,Fren,0
4221,Hayetam,0
4222,Setho,0
4223,Inea,0
4224,Donaria,0
4225,Bimeli,0
4226,Ackbar,0
4227,一誠,0
4228,Maeghan,0
4229,Kwarko,0
4230,Fatihah,0
4231,Rosenka,0
4232,Servelio,0
4233,Farine,0
4234,Mavinga,0
4235,Yoxan,0
4236,Vaughan,0
4237,Oyejola,0
4238,Beautie,0
4239,Fazana,0
4240,Chosen,0
4241,María-José,0
4242,Kajel,0
4243,Juvy,0
4244,Bardo,0
4245,Thayrone,0
4246,Tinwai,0
4247,סברינה,1
4248,Maicon,0
4249,Sharipa,0
4250,Nigora,0
4251,Joyeux,0
4252,Aventino,0
4253,Jenitzia,0
4254,Birinder,0
4255,Aksinya,0
4256,Dormel,0
4257,Carem,0
4258,Rikes,0
4259,Sankung,0
4260,Sireth,0
4261,Loodmy,0
4262,Genrieta,0
4263,Charlette,0
4264,Angele,0
4265,Shubham,0
4266,Hans-Erik,0
4267,Skel,0
4268,Elkjaer,0
4269,Hussnain,0
4270,Alexitha,0
4271,Mrinal,0
4272,Argimiro,0
4273,Deri,0
4274,子琪,0
4275,Enelida,0
4276,Holinda,0
4277,Mukadas,0
4278,Galletti,0
4279,Charon,0
4280,Montanari,0
4281,Jeanpierre,0
4282,Tzu-Min,0
4283,Yaseth,0
4284,محضار,1
4285,Annamarie,0
4286,Farfan,0
4287,Andes,0
4288,Cancino,0
4289,Floreciita,0
4290,المايسترؤ,1
4291,Heal,0
4292,Khireddine,0
4293,Beb,0
4294,Lanfranco,0
4295,Jimaima,0
4296,Abdiraxman,0
4297,Sylke,0
4298,Zullymar,0
4299,Laau,0
4300,Rignald,0
4301,Alhomse,0
4302,Nerva,0
4303,Estanley,0
4304,Олим,0
4305,Tharindu,0
4306,February,0
4307,Pauly,0
4308,Ardea,0
4309,Bumma,0
4310,Mj,1
4311,Sup,0
4312,Jithu,0
4313,Konstantza,0
4314,Franchescoli,0
4315,Niccoló,0
4316,Januka,0
4317,Vijian,0
4318,Urata,0
4319,Gbg,0
4320,Leenda,0
4321,Leivi,0
4322,Kawan,0
4323,Ptricia,0
4324,Vinsen,0
4325,Shelton,0
4326,Liju,0
4327,Okeino,0
4328,Gibrán,0
4329,Anasario,0
4330,Noxie,0
4331,Frode,0
4332,Rogrigo,0
4333,Zoula,0
4334,Najmo,0
4335,Sanyog,0
4336,Xingliang,0
4337,Yure,0
4338,Снежана,0
4339,Lokilla,0
4340,Adna,0
4341,Jyoty,0
4342,Linni,0
4343,Baxtiyor,0
4344,Aguedita,0
4345,Shilong,0
4346,Hawii,0
4347,Aitza,0
4348,Amadej,0
4349,Heemin,0
4350,Kinjal,0
4351,Mudur,0
4352,Rachmah,0
4353,Carias,0
4354,Леви,1
4355,Khyber,0
4356,Sandini,0
4357,品蓉,0
4358,Maicy,0
4359,Delong,0
4360,Moriguchi,0
4361,Briget,0
4362,Xueting,0
4363,Andromeda,0
4364,Padminee,0
4365,Guilla,0
4366,Yerriswamy,0
4367,Yasma,0
4368,Nellida,0
4369,Similar,0
4370,Asenath,0
4371,철용,0
4372,Shenu,0
4373,Leonora,0
4374,Inosente,0
4375,Tig,0
4376,Marsella,0
4377,Naziir,0
4378,Kelisa,0
4379,Satchel,0
4380,Mengstab,0
4381,Galip,0
4382,Adizer,0
4383,Hero,0
4384,Donglei,0
4385,Neyshalee,0
4386,Bigo,0
4387,Marineuza,0
4388,Jnjk,1
4389,Rikii,0
4390,Odeh,0
4391,Daniëlle,0
4392,Diondre,0
4393,Kilic,0
4394,俊松,0
4395,Lajaune,0
4396,Olanshile,0
4397,Mutoni,0
4398,Pahola,0
4399,Dennys,0
4400,Offe,0
4401,Tomy,0
4402,Ziwen,0
4403,Chiadi,0
4404,Malesha,0
4405,Gió,0
4406,Glenworth,0
4407,Emerie,0
4408,Kikina,0
4409,Natusia,0
4410,Haopeng,0
4411,Nooreddin,0
4412,Sungjin,0
4413,Staisha,0
4414,Maccabi,0
4415,Tejaun,0
4416,Heily,0
4417,Lokio,0
4418,Tobbi,0
4419,Gauthier,0
4420,Eqan,0
4421,Chonito,0
4422,Rosmiati,0
4423,Rogini,0
4424,Balachandar,0
4425,Solomeo,0
4426,史弥,0
4427,Abeline,0
4428,Ylio,0
4429,Megg,0
4430,Aktham,0
4431,Seguridad,0
4432,Mamas,0
4433,Cauã,0
4434,Chen-Chen,0
4435,Jeonglim,0
4436,Keneni,0
4437,Carolus,0
4438,Lorenzia,0
4439,Adelaida,0
4440,Looi,0
4441,Ennasus,0
4442,Mimis,0
4443,Ravi,0
4444,Osamuyi,0
4445,Elizaberh,0
4446,Carnell,0
4447,Yusseth,0
4448,Søren,0
4449,Julyy,0
4450,Itza,0
4451,Mbaya,0
4452,Sung-Soo,0
4453,Ergan,0
4454,Babybooh,0
4455,Alouise,0
4456,Yary,0
4457,Tzetza,0
4458,Itesh,0
4459,Room,0
4460,Marfer,0
4461,Cou,0
4462,Gps,0
4463,Толік,0
4464,Denver,0
4465,Só,0
4466,Atle,0
4467,Herm,0
4468,Zeyi,0
4469,Gerasim,0
4470,Engra,0
4471,آفين,1
4472,Tairov,0
4473,רחל,1
4474,Jorid,0
4475,Jongpil,0
4476,Yaoyu,0
4477,Kord,0
4478,Saadiqah,0
4479,Ahmer,0
4480,Gee-Gee,0
4481,Serdan,0
4482,Lizmary,0
4483,Hamm,0
4484,Wall,0
4485,Wengang,0
4486,Aytana,0
4487,Nepty,0
4488,Doire,0
4489,芷欣,0
4490,Ällan,0
4491,Allina,0
4492,Nenê,0
4493,Atinesh,0
4494,Kelema,0
4495,Orhidea,0
4496,Ευαγγελια,0
4497,Dardi,0
4498,Davronbek,0
4499,Wansoo,0
4500,Jozefin,0
4501,Songul,0
4502,Kimey,0
4503,Sq,1
4504,Dylhan,0
4505,Garo,0
4506,Yulianny,0
4507,Analys,0
4508,Tasfiya,0
4509,Estelia,0
4510,Marzyeh,0
4511,Dávid,0
4512,Zhenghui,0
4513,Vinícius,0
4514,Chacorta,0
4515,Zeenat,0
4516,경신,0
4517,Viyaleta,0
4518,Sulekha,0
4519,Sadasivam,0
4520,Mevlud,0
4521,Nilseia,0
4522,Ismel,0
4523,Juraine,0
4524,Romênia,0
4525,Gowtam,0
4526,Redvil,0
4527,Hinds,0
4528,Mgp,1
4529,Gryn,0
4530,Sagvan,0
4531,Marinina,0
4532,Akina,0
4533,Dallany,0
4534,Rcardo,0
4535,Domnina,0
4536,Grade,0
4537,Smári,0
4538,Janlee,0
4539,浩二,0
4540,Jerina,0
4541,Chucri,0
4542,Mriana,0
4543,Chidubem,0
4544,Halat,0
4545,Petisa,0
4546,しょう,0
4547,Urbina,0
4548,عبدالمبین,1
4549,Hediye,0
4550,Masroor,0
4551,Macklemore,0
4552,Jhack,0
4553,Rabbits,0
4554,Garrit,0
4555,Kimura,0
4556,秋萍,0
4557,Pilco,0
4558,Ello,0
4559,Srinibas,0
4560,Otillia,0
4561,진현,0
4562,Junnun,0
4563,Fernandho,0
4564,Ikuomola,0
4565,Darisabel,0
4566,Elmostafa,0
4567,Tonchee,0
4568,Yosgart,0
4569,Willie,0
4570,Florcitha,0
4571,Zyzz,0
4572,Matrone,0
4573,Mashai,0
4574,Knackia,0
4575,Andryy,0
4576,Milany,0
4577,Milsiades,0
4578,Musarrat,0
4579,Aliberk,0
4580,Jinhan,0
4581,Rabena,0
4582,Anishka,0
4583,Cyrus,0
4584,Stiliano,0
4585,Wyke,0
4586,Fishman,0
4587,Sabzali,0
4588,Tnb,1
4589,永红,0
4590,Aylwin,0
4591,Dyamond,0
4592,あき,0
4593,다경,0
4594,Nofar,0
4595,Bulu,0
4596,Surina,0
4597,Вагиф,1
4598,Emiliana,0
4599,Карина,1
4600,Manaen,0
4601,עמיחי,1
4602,Nan,0
4603,Mikkie,0
4604,Igorotak,0
4605,Derly,0
4606,Moonika,0
4607,Caroliinaa,0
4608,Clarina,0
4609,Gyekye,0
4610,Vetone,0
4611,Mo-Mo,0
4612,Delvis,0
4613,Kathalina,0
4614,Kertu,0
4615,Cavaughn,0
4616,Yizhe,0
4617,Gevi,0
4618,Amedee,0
4619,Veronics,0
4620,Yamith,0
4621,Elayne,0
4622,Moutusi,0
4623,Domien,0
4624,Shayta,0
4625,Heiderose,0
4626,Sheree,0
4627,Yujuan,0
4628,Bohuslava,0
4629,Loubov,0
4630,Alícia,0
4631,Julma,0
4632,Obedy,0
4633,Daniiella,0
4634,Gedson,0
4635,Reyns,0
4636,Abduqodir,0
4637,Brama,0
4638,Rukayah,0
4639,Nyako,0
4640,Olsen,0
4641,Dayashankar,0
4642,Saheba,0
4643,Rorys,0
4644,Usamah,0
4645,Deity,0
4646,Brigina,0
4647,Ritva-Liisa,0
4648,Abefe,0
4649,Cuchu,0
4650,Matthäus,0
4651,Khaleem,0
4652,Derso,0
4653,ﺣﮩﺒﮩﻴﮩﺒﮩﺔ,1
4654,Kezie,0
4655,Roq,0
4656,Kaen,0
4657,Nahyun,0
4658,Mardonio,0
4659,Kamlendra,0
4660,Christyl,0
4661,Deane,0
4662,Yorm,0
4663,Ducaysane,0
4664,Syna,0
4665,Ayhelen,0
4666,Aboozar,0
4667,Santie,0
4668,홍숙,0
4669,Almarri,0
4670,Pujo,0
4671,Jancel,0
4672,Iit,0
4673,Mirzat,0
4674,Lució,0
4675,Treshauna,0
4676,Pranita,0
4677,Corbo,0
4678,Astan,0
4679,Terezo,0
4680,Jahmoy,0
4681,Leonada,0
4682,Sherryann,0
4683,Iia,0
4684,美砂,0
4685,Mijeong,0
4686,Benjir,0
4687,Fredelinda,0
4688,Oluwagbenga,0
4689,Meezo,0
4690,Carmella,0
4691,Baseus,0
4692,Kemeka,0
4693,Liselen,0
4694,Pryce,0
4695,Mirzhan,0
4696,Aleejandro,0
4697,Panneerselvam,0
4698,Hampig,0
4699,Rajvir,0
4700,Eloísa,0
4701,Jacqueline,0
4702,Rowlene,0
4703,Radjoe,0
4704,Monsi,0
4705,Ieda,0
4706,Akingbehin,0
4707,Tacyana,0
4708,Shahnaza,0
4709,Thannya,0
4710,Deposito,0
4711,Bauris,0
4712,Lioni,0
4713,士鈞,0
4714,Nathalye,0
4715,Dnesh,0
4716,Evadiola,0
4717,Norica,0
4718,Osy,0
4719,Twotwo,0
4720,Mathanie,0
4721,Empress,0
4722,Nilay,0
4723,Terri-Lynn,0
4724,Mairany,0
4725,Onit,0
4726,Foojan,0
4727,Takang,0
4728,Dongwan,0
4729,Hamiz,0
4730,Blas,0
4731,Cromo,0
4732,Mogens,0
4733,Snorri,0
4734,Xéna,0
4735,Radamet,0
4736,Adonys,0
4737,Saily,0
4738,Pollyane,0
4739,Jazziel,0
4740,Manojkumar,0
4741,Behice,0
4742,Nahimana,0
4743,Zhangwei,0
4744,Galleguita,0
4745,Suly,0
4746,Yarzar,0
4747,Sibilla,0
4748,Vihaan,0
4749,Sebastine,0
4750,Ruvan,0
4751,Noorina,0
4752,Hosnieh,0
4753,Jean-Jacques,0
4754,Fayej,0
4755,Aileth,0
4756,Morelle,0
4757,Geiza,0
4758,선진,0
4759,Oluwakemisola,0
4760,Yéléna,0
4761,Noni,0
4762,Ayrat,0
4763,Yonemura,0
4764,Frini,0
4765,Manique,0
4766,Shanell,0
4767,Enmita,0
4768,Dafnis,0
4769,Flaudio,0
4770,Bilder,0
4771,Giankarlo,0
4772,Idalmy,0
4773,Mirind,0
4774,コウヘイ,0
4775,Yobania,0
4776,Sedrick,0
4777,Monica-Maria,0
4778,Marciane,0
4779,千尋,0
4780,Vaillant,0
4781,Yaba,0
4782,Bojura,0
4783,Joustin,0
4784,Getasew,0
4785,Manimaran,0
4786,Kovasky,0
4787,Geff,0
4788,Rytenis,0
4789,Trefor,0
4790,Marita,0
4791,Czapla,0
4792,Delcarmen,0
4793,Maryame,0
4794,Thiet,0
4795,문기,0
4796,Redentor,0
4797,Ers,0
4798,Anfer,0
4799,Gandul,0
4800,Daeun,0
4801,Marisolita,0
4802,Aneka,0
4803,Chenyang,0
4804,Fazila,0
4805,Nivea,0
4806,Surendra,0
4807,Simral,0
4808,Yaravi,0
4809,Jesika,0
4810,Ayoutta,0
4811,Chi-Hsien,0
4812,Achy,0
4813,Touseef,0
4814,Alexía,0
4815,Lulush,0
4816,Franki,0
4817,Mota,0
4818,Rayad,0
4819,Hyungchul,0
4820,Dimple,0
4821,Gertjan,0
4822,Sungho,0
4823,Shara,0
4824,Fraternidad,0
4825,Кошечка,0
4826,Tebin,0
4827,Ayaba,0
4828,Smrity,0
4829,Plana,0
4830,Fatimo,0
4831,واوي,1
4832,Yeinner,0
4833,Zixuan,0
4834,T-Man,0
4835,Triya,0
4836,Alcidiades,0
4837,Dail,0
4838,Tzeng,0
4839,Gliserio,0
4840,沛臻,0
4841,Klodijan,0
4842,ﻳﺎﺳﻤﻴﻨﺔ,1
4843,Nanine,0
4844,Chenwi,0
4845,Xindan,0
4846,Apprey,0
4847,Chikk,0
4848,Annegrethe,0
4849,Yulio,0
4850,Geyser,0
4851,Ra,0
4852,Pedromanuel,0
4853,Nsengiyumva,0
4854,Corazondestrozado,0
4855,Artwell,0
4856,Husayn,0
4857,Dorii,0
4858,Rizz,0
4859,Brunelli,0
4860,Arianda,0
4861,Laith,0
4862,Györgyi,0
4863,Breyd,0
4864,Andeh,0
4865,Lapiz,0
4866,Breege,0
4867,Tomaz,0
4868,Chiaka,0
4869,Annelies,0
4870,Miodrag,0
4871,Ummani,0
4872,Леда,1
4873,Pus,0
4874,Hồng,0
4875,Jhor,0
4876,Yohan,0
4877,Yirabel,0
4878,Marvellous,0
4879,Pollo,0
4880,Rageesh,0
4881,Gulliver,0
4882,Ity,0
4883,Simbala,0
4884,Dameion,0
4885,Otelia,0
4886,Bigali,0
4887,Lucimara,0
4888,Avino,0
4889,Marlin,0
4890,Yancarlo,0
4891,Focus,0
4892,Гулчехра,1
4893,ياعلي,1
4894,Jelson,0
4895,Llimy,0
4896,Taslin,0
4897,Jasvant,0
4898,Tehzeeb,0
4899,Blackqueen,0
4900,Martey,0
4901,Maquito,0
4902,Maristella,0
4903,Gerania,0
4904,Nerxhivane,0
4905,Jhanine,0
4906,Genarina,0
4907,Heynner,0
4908,Minko,0
4909,Quinita,0
4910,Anunez,0
4911,Gyorgy,0
4912,Llane,0
4913,Alon,0
4914,Dilcie,0
4915,Ugues,0
4916,Izy,0
4917,Rupsa,0
4918,Linker,0
4919,Onielia,0
4920,Mumbi,0
4921,Seungjae,0
4922,Carlson,0
4923,Muluken,0
4924,Chabe,0
4925,Rasmane,0
4926,Inge,0
4927,Hasmah,0
4928,Tsune,0
4929,Ruxy,0
4930,Trumane,0
4931,Mabs,0
4932,Kenric,0
4933,Гаго,0
4934,Amrush,0
4935,皓偉,0
4936,Lalyn,0
4937,Marreta,0
4938,Yalemshet,0
4939,Cinthiia,0
4940,Alneel,0
4941,Mcdonnell,0
4942,Bendis,0
4943,Clemmy,0
4944,瑞安,0
4945,Izabella,0
4946,Nelz,0
4947,Kirs,0
4948,Andréanne,0
4949,Armani,0
4950,Dantje,0
4951,Hamzeh,0
4952,Sacho,0
4953,Fedro,0
4954,Stelle,0
4955,Aquisha,0
4956,Okwara,0
4957,Cholopo,0
4958,Onyia,0
4959,Dhira,0
4960,Seeker,0
4961,Salumu,0
4962,Jaybee,0
4963,Resina,0
4964,Shoon,0
4965,Dorija,0
4966,Amarito,0
4967,Mintas,0
4968,Bendali,0
4969,Care,0
4970,Burnett,0
4971,Steafan,0
4972,Ilker,0
4973,Orphia,0
4974,Sayada,0
4975,Ogla,0
4976,Liriano,0
4977,Yarubi,0
4978,Mogati,0
4979,Adelie,0
4980,Neiy,0
4981,Baldish,0
4982,Refaela,0
4983,Lehn,0
4984,Nedyalko,0
4985,Sidyel,0
4986,Usaf,0
4987,Brikt,0
4988,Masseh,0
4989,Cleta,0
4990,Buron,0
4991,Ponti,0
4992,Huguito,0
4993,Mouth,0
4994,Saida,0
4995,Yaraliz,0
4996,Valita,0
4997,Shafquat,0
4998,Shelimar,0
4999,Angélik,0
5000,Shakhan,0
5001,Smith,0
5002,Johnson,0
5003,Williams,0
5004,Brown,0
5005,Jones,0
5006,Garcia,0
5007,Miller,0
5008,Davis,0
5009,Rodriguez,0
5010,Martinez,0
5011,Hernandez,0
5012,Lopez,0
5013,Gonzalez,0
5014,Wilson,0
5015,Anderson,0
5016,Thomas,0
5017,Taylor,0
5018,Moore,0
5019,Jackson,0
5020,Martin,0
5021,Lee,0
5022,Perez,0
5023,Thompson,0
5024,White,0
5025,Harris,0
5026,Sanchez,0
5027,Clark,0
5028,Lewis,0
5029,Robinson,0
5030,Walker,0
5031,Young,0
5032,Allen,0
5033,King,0
5034,Wright,0
5035,Scott,0
5036,Torres,0
5037,Nguyen,0
5038,Hill,0
5039,Flores,0
5040,Green,0
5041,Adams,0
5042,Nelson,0
5043,Baker,0
5044,Hall,0
5045,Rivera,0
5046,Campbell,0
5047,Mitchell,0
5048,Carter,0
5049,Roberts,0
5050,Kent,0
